source_material_code,cpse_id,plant_code,raw_description,cleaned_description,cnmc_code,canonical_description,category_id,standard_uom,source_uom,match_type,match_confidence,review_status,issue_flag,unit_price_inr,current_stock_qty,annual_procurement_qty
CP-10010,CPCL_OG,CPCL_MANALI,SPH ROLLER BRG Bearing 22220,spherical roller bearing bearing 22220,NMC-GEN-BRG-0001,Spherical 100x180x46 mm ISO 15,BEARINGS,NOS,EA,EXACT_DUPLICATE,0.96,AUTO_APPROVED,,16771.0,16,95
NT-10011,NTPC_PW,NTPC_SINGRAULI,Spherical Roller Brg Bearing 22220,spherical roller bearing bearing 22220,NMC-GEN-BRG-0001,Spherical 100x180x46 mm ISO 15,BEARINGS,NOS,EA,EXACT_DUPLICATE,0.96,AUTO_APPROVED,,19128.93,36,214
SA-10012,SAIL_ST,SAIL_BHILAI,ROLL NECK BEARING Bearing 22220,spherical roller bearing bearing 22220,NMC-GEN-BRG-0001,Spherical 100x180x46 mm ISO 15,BEARINGS,NOS,EA,EXACT_DUPLICATE,0.96,AUTO_APPROVED,,18470.6,16,45
CI-10013,CIL_MN,CIL_SINGRAULI,SRB Bearing 22220,spherical roller bearing bearing 22220,NMC-GEN-BRG-0001,Spherical 100x180x46 mm ISO 15,BEARINGS,NOS,EA,EXACT_DUPLICATE,0.96,AUTO_APPROVED,,17913.87,60,31
BH-10014,BHEL_HE,BHEL_HYDERABAD,SPHERICAL ROLLER BEARING Bearing 22220,spherical roller bearing bearing 22220,NMC-GEN-BRG-0001,Spherical 100x180x46 mm ISO 15,BEARINGS,NOS,EA,EXACT_DUPLICATE,0.96,AUTO_APPROVED,,19315.3,35,145
SA-30072,SAIL_ST,SAIL_BHILAI,Continuous Annealing Furnace Roller,continuous annealing furnace roller,NMC-GEN-BRG-0002,Deep 25x52x15 mm Rubber ISO 15,BEARINGS,NOS,EA,EXACT_DUPLICATE,0.96,AUTO_APPROVED,,428814.45,43,67
CI-50083,CIL_MN,CIL_SINGRAULI,SKF Bearing 6205-2RSH,skf bearing 6205-2rsh,NMC-GEN-BRG-0002,Deep 25x52x15 mm Rubber ISO 15,BEARINGS,NOS,EA,EXACT_DUPLICATE,0.96,AUTO_APPROVED,,1120.47,64,259
CP-10020,CPCL_OG,CPCL_MANALI,SPH ROLLER BRG Ball Bearing 6205-2RSH,spherical roller bearing ball bearing 6205-2rsh,NMC-GEN-BRG-0002,Deep 25x52x15 mm Rubber ISO 15,BEARINGS,NOS,EA,EXACT_DUPLICATE,0.96,AUTO_APPROVED,,992.08,66,87
NT-10021,NTPC_PW,NTPC_SINGRAULI,Spherical Roller Brg Ball Bearing 6205-2RSH,spherical roller bearing ball bearing 6205-2rsh,NMC-GEN-BRG-0002,Deep 25x52x15 mm Rubber ISO 15,BEARINGS,NOS,EA,EXACT_DUPLICATE,0.96,AUTO_APPROVED,,1007.55,40,235
SA-10022,SAIL_ST,SAIL_BHILAI,ROLL NECK BEARING Ball Bearing 6205-2RSH,spherical roller bearing ball bearing 6205-2rsh,NMC-GEN-BRG-0002,Deep 25x52x15 mm Rubber ISO 15,BEARINGS,NOS,EA,EXACT_DUPLICATE,0.96,AUTO_APPROVED,,974.55,79,140
CI-10023,CIL_MN,CIL_SINGRAULI,SRB Ball Bearing 6205-2RSH,spherical roller bearing ball bearing 6205-2rsh,NMC-GEN-BRG-0002,Deep 25x52x15 mm Rubber ISO 15,BEARINGS,NOS,EA,EXACT_DUPLICATE,0.96,AUTO_APPROVED,,905.28,22,80
BH-10024,BHEL_HE,BHEL_HYDERABAD,SPHERICAL ROLLER BEARING Ball Bearing 6205-2RSH,spherical roller bearing ball bearing 6205-2rsh,NMC-GEN-BRG-0002,Deep 25x52x15 mm Rubber ISO 15,BEARINGS,NOS,EA,EXACT_DUPLICATE,0.96,AUTO_APPROVED,,1019.37,69,34
CP-50080,CPCL_OG,CPCL_MANALI,SKF Bearing 6205-2RSH,skf bearing 6205-2rsh,NMC-GEN-BRG-0002,Deep 25x52x15 mm Rubber ISO 15,BEARINGS,NOS,EA,EXACT_DUPLICATE,0.96,AUTO_APPROVED,,1080.94,55,116
CP-50090,CPCL_OG,CPCL_MANALI,Deep Groove Ball Bearing 25x52x15mm Rubber Sealed,deep groove ball bearing 25x52x15mm rubber sealed,NMC-GEN-BRG-0002,Deep 25x52x15 mm Rubber ISO 15,BEARINGS,NOS,EA,EXACT_DUPLICATE,0.96,AUTO_APPROVED,,921.58,71,222
SA-30032,SAIL_ST,SAIL_BHILAI,Mill Roll Neck Bearing 500mm Bore,mill spherical roller bearing 500nb (500mm) bore,NMC-GEN-BRG-0002,Deep 25x52x15 mm Rubber ISO 15,BEARINGS,NOS,EA,EXACT_DUPLICATE,0.96,AUTO_APPROVED,,514101.23,22,50
SA-50082,SAIL_ST,SAIL_BHILAI,SKF Bearing 6205-2RSH,skf bearing 6205-2rsh,NMC-GEN-BRG-0002,Deep 25x52x15 mm Rubber ISO 15,BEARINGS,NOS,EA,EXACT_DUPLICATE,0.96,AUTO_APPROVED,,1052.55,72,142
SA-50092,SAIL_ST,SAIL_BHILAI,Deep Groove Ball Bearing 25x52x15mm Rubber Sealed,deep groove ball bearing 25x52x15mm rubber sealed,NMC-GEN-BRG-0002,Deep 25x52x15 mm Rubber ISO 15,BEARINGS,NOS,EA,EXACT_DUPLICATE,0.96,AUTO_APPROVED,,958.21,31,99
CI-50093,CIL_MN,CIL_SINGRAULI,Deep Groove Ball Bearing 25x52x15mm Rubber Sealed,deep groove ball bearing 25x52x15mm rubber sealed,NMC-GEN-BRG-0002,Deep 25x52x15 mm Rubber ISO 15,BEARINGS,NOS,EA,EXACT_DUPLICATE,0.96,AUTO_APPROVED,,909.48,12,47
BH-50084,BHEL_HE,BHEL_HYDERABAD,SKF Bearing 6205-2RSH,skf bearing 6205-2rsh,NMC-GEN-BRG-0002,Deep 25x52x15 mm Rubber ISO 15,BEARINGS,NOS,EA,EXACT_DUPLICATE,0.96,AUTO_APPROVED,,1106.2,77,325
BH-50094,BHEL_HE,BHEL_HYDERABAD,Deep Groove Ball Bearing 25x52x15mm Rubber Sealed,deep groove ball bearing 25x52x15mm rubber sealed,NMC-GEN-BRG-0002,Deep 25x52x15 mm Rubber ISO 15,BEARINGS,NOS,EA,EXACT_DUPLICATE,0.96,AUTO_APPROVED,,955.86,17,60
NT-50081,NTPC_PW,NTPC_SINGRAULI,SKF Bearing 6205-2RSH,skf bearing 6205-2rsh,NMC-GEN-BRG-0002,Deep 25x52x15 mm Rubber ISO 15,BEARINGS,NOS,EA,EXACT_DUPLICATE,0.96,AUTO_APPROVED,,1116.42,16,25
NT-50091,NTPC_PW,NTPC_SINGRAULI,Deep Groove Ball Bearing 25x52x15mm Rubber Sealed,deep groove ball bearing 25x52x15mm rubber sealed,NMC-GEN-BRG-0002,Deep 25x52x15 mm Rubber ISO 15,BEARINGS,NOS,EA,EXACT_DUPLICATE,0.96,AUTO_APPROVED,,906.81,6,24
CP-10030,CPCL_OG,CPCL_MANALI,SPH ROLLER BRG Bearing 22316,spherical roller bearing bearing 22316,NMC-GEN-BRG-0003,Spherical 80x170x58 mm ISO 15,BEARINGS,NOS,EA,EXACT_DUPLICATE,0.96,AUTO_APPROVED,,27025.8,64,41
NT-10031,NTPC_PW,NTPC_SINGRAULI,Spherical Roller Brg Bearing 22316,spherical roller bearing bearing 22316,NMC-GEN-BRG-0003,Spherical 80x170x58 mm ISO 15,BEARINGS,NOS,EA,EXACT_DUPLICATE,0.96,AUTO_APPROVED,,25089.67,48,181
SA-10032,SAIL_ST,SAIL_BHILAI,ROLL NECK BEARING Bearing 22316,spherical roller bearing bearing 22316,NMC-GEN-BRG-0003,Spherical 80x170x58 mm ISO 15,BEARINGS,NOS,EA,EXACT_DUPLICATE,0.96,AUTO_APPROVED,,25596.82,32,161
CI-10033,CIL_MN,CIL_SINGRAULI,SRB Bearing 22316,spherical roller bearing bearing 22316,NMC-GEN-BRG-0003,Spherical 80x170x58 mm ISO 15,BEARINGS,NOS,EA,EXACT_DUPLICATE,0.96,AUTO_APPROVED,,28409.12,12,68
BH-10034,BHEL_HE,BHEL_HYDERABAD,SPHERICAL ROLLER BEARING Bearing 22316,spherical roller bearing bearing 22316,NMC-GEN-BRG-0003,Spherical 80x170x58 mm ISO 15,BEARINGS,NOS,EA,EXACT_DUPLICATE,0.96,AUTO_APPROVED,,27888.69,70,99
BH-50004,BHEL_HE,BHEL_HYDERABAD,Gate Valve 150NB Class 150 CS Flanged,gate valve 150nb class 150 carbon steel flanged,NMC-GEN-VLV-0001,Gate 150NB Class 150 Carbon Steel API 600,VALVES_FLOW,NOS,NOS,EXACT_DUPLICATE,0.96,AUTO_APPROVED,,29541.65,57,259
BH-50024,BHEL_HE,BHEL_HYDERABAD,Gate Valve 150mm CS Class 150 Flanged,gate valve 150nb (150mm) carbon steel class 150 flanged,NMC-GEN-VLV-0001,Gate 150NB Class 150 Carbon Steel API 600,VALVES_FLOW,NOS,NOS,EXACT_DUPLICATE,0.96,AUTO_APPROVED,,29433.14,53,238
BH-50034,BHEL_HE,BHEL_HYDERABAD,Gate Valve 6 inch CS Class 150 Flanged,gate valve 150nb (6inch) carbon steel class 150 flanged,NMC-GEN-VLV-0001,Gate 150NB Class 150 Carbon Steel API 600,VALVES_FLOW,NOS,NOS,EXACT_DUPLICATE,0.96,AUTO_APPROVED,,29154.4,42,130
CP-10040,CPCL_OG,CPCL_MANALI,Gate Valve Cast Steel 150NB Class 150,gate valve cast steel 150nb class 150,NMC-GEN-VLV-0001,Gate 150NB Class 150 Carbon Steel API 600,VALVES_FLOW,NOS,NOS,EXACT_DUPLICATE,0.96,AUTO_APPROVED,,27053.87,62,312
NT-10041,NTPC_PW,NTPC_SINGRAULI,Gate Valve Cast Steel 150NB Class 150,gate valve cast steel 150nb class 150,NMC-GEN-VLV-0001,Gate 150NB Class 150 Carbon Steel API 600,VALVES_FLOW,NOS,NOS,EXACT_DUPLICATE,0.96,AUTO_APPROVED,,27210.92,69,344
SA-10042,SAIL_ST,SAIL_BHILAI,Gate Valve Cast Steel 150NB Class 150,gate valve cast steel 150nb class 150,NMC-GEN-VLV-0001,Gate 150NB Class 150 Carbon Steel API 600,VALVES_FLOW,NOS,NOS,EXACT_DUPLICATE,0.96,AUTO_APPROVED,,28313.91,29,152
CI-10043,CIL_MN,CIL_SINGRAULI,Gate Valve Cast Steel 150NB Class 150,gate valve cast steel 150nb class 150,NMC-GEN-VLV-0001,Gate 150NB Class 150 Carbon Steel API 600,VALVES_FLOW,NOS,NOS,EXACT_DUPLICATE,0.96,AUTO_APPROVED,,29733.76,27,92
BH-10044,BHEL_HE,BHEL_HYDERABAD,Gate Valve Cast Steel 150NB Class 150,gate valve cast steel 150nb class 150,NMC-GEN-VLV-0001,Gate 150NB Class 150 Carbon Steel API 600,VALVES_FLOW,NOS,NOS,EXACT_DUPLICATE,0.96,AUTO_APPROVED,,28210.69,49,248
CP-50000,CPCL_OG,CPCL_MANALI,Gate Valve 150NB Class 150 CS Flanged,gate valve 150nb class 150 carbon steel flanged,NMC-GEN-VLV-0001,Gate 150NB Class 150 Carbon Steel API 600,VALVES_FLOW,NOS,NOS,EXACT_DUPLICATE,0.96,AUTO_APPROVED,,27098.08,8,43
CP-50020,CPCL_OG,CPCL_MANALI,Gate Valve 150mm CS Class 150 Flanged,gate valve 150nb (150mm) carbon steel class 150 flanged,NMC-GEN-VLV-0001,Gate 150NB Class 150 Carbon Steel API 600,VALVES_FLOW,NOS,NOS,EXACT_DUPLICATE,0.96,AUTO_APPROVED,,29351.75,79,449
CP-50030,CPCL_OG,CPCL_MANALI,Gate Valve 6 inch CS Class 150 Flanged,gate valve 150nb (6inch) carbon steel class 150 flanged,NMC-GEN-VLV-0001,Gate 150NB Class 150 Carbon Steel API 600,VALVES_FLOW,NOS,NOS,EXACT_DUPLICATE,0.96,AUTO_APPROVED,,28079.11,26,77
NT-50001,NTPC_PW,NTPC_SINGRAULI,Gate Valve 150NB Class 150 CS Flanged,gate valve 150nb class 150 carbon steel flanged,NMC-GEN-VLV-0001,Gate 150NB Class 150 Carbon Steel API 600,VALVES_FLOW,NOS,NOS,EXACT_DUPLICATE,0.96,AUTO_APPROVED,,27332.36,52,33
NT-50021,NTPC_PW,NTPC_SINGRAULI,Gate Valve 150mm CS Class 150 Flanged,gate valve 150nb (150mm) carbon steel class 150 flanged,NMC-GEN-VLV-0001,Gate 150NB Class 150 Carbon Steel API 600,VALVES_FLOW,NOS,NOS,EXACT_DUPLICATE,0.96,AUTO_APPROVED,,28125.47,35,166
NT-50031,NTPC_PW,NTPC_SINGRAULI,Gate Valve 6 inch CS Class 150 Flanged,gate valve 150nb (6inch) carbon steel class 150 flanged,NMC-GEN-VLV-0001,Gate 150NB Class 150 Carbon Steel API 600,VALVES_FLOW,NOS,NOS,EXACT_DUPLICATE,0.96,AUTO_APPROVED,,28160.92,49,79
SA-50002,SAIL_ST,SAIL_BHILAI,Gate Valve 150NB Class 150 CS Flanged,gate valve 150nb class 150 carbon steel flanged,NMC-GEN-VLV-0001,Gate 150NB Class 150 Carbon Steel API 600,VALVES_FLOW,NOS,NOS,EXACT_DUPLICATE,0.96,AUTO_APPROVED,,29042.3,29,127
SA-50022,SAIL_ST,SAIL_BHILAI,Gate Valve 150mm CS Class 150 Flanged,gate valve 150nb (150mm) carbon steel class 150 flanged,NMC-GEN-VLV-0001,Gate 150NB Class 150 Carbon Steel API 600,VALVES_FLOW,NOS,NOS,EXACT_DUPLICATE,0.96,AUTO_APPROVED,,27358.16,49,207
SA-50032,SAIL_ST,SAIL_BHILAI,Gate Valve 6 inch CS Class 150 Flanged,gate valve 150nb (6inch) carbon steel class 150 flanged,NMC-GEN-VLV-0001,Gate 150NB Class 150 Carbon Steel API 600,VALVES_FLOW,NOS,NOS,EXACT_DUPLICATE,0.96,AUTO_APPROVED,,27247.57,37,66
CI-50003,CIL_MN,CIL_SINGRAULI,Gate Valve 150NB Class 150 CS Flanged,gate valve 150nb class 150 carbon steel flanged,NMC-GEN-VLV-0001,Gate 150NB Class 150 Carbon Steel API 600,VALVES_FLOW,NOS,NOS,EXACT_DUPLICATE,0.96,AUTO_APPROVED,,27224.34,55,296
CI-50023,CIL_MN,CIL_SINGRAULI,Gate Valve 150mm CS Class 150 Flanged,gate valve 150nb (150mm) carbon steel class 150 flanged,NMC-GEN-VLV-0001,Gate 150NB Class 150 Carbon Steel API 600,VALVES_FLOW,NOS,NOS,EXACT_DUPLICATE,0.96,AUTO_APPROVED,,28352.58,48,286
CI-50033,CIL_MN,CIL_SINGRAULI,Gate Valve 6 inch CS Class 150 Flanged,gate valve 150nb (6inch) carbon steel class 150 flanged,NMC-GEN-VLV-0001,Gate 150NB Class 150 Carbon Steel API 600,VALVES_FLOW,NOS,NOS,EXACT_DUPLICATE,0.96,AUTO_APPROVED,,28766.95,59,286
CP-10050,CPCL_OG,CPCL_MANALI,Globe Valve Cast Steel 100NB Class 150,globe valve cast steel 100nb class 150,NMC-GEN-VLV-0002,Globe 100NB Class 150 Carbon Steel API 600,VALVES_FLOW,NOS,NOS,EXACT_DUPLICATE,0.96,AUTO_APPROVED,,26091.08,59,90
NT-10051,NTPC_PW,NTPC_SINGRAULI,Globe Valve Cast Steel 100NB Class 150,globe valve cast steel 100nb class 150,NMC-GEN-VLV-0002,Globe 100NB Class 150 Carbon Steel API 600,VALVES_FLOW,NOS,NOS,EXACT_DUPLICATE,0.96,AUTO_APPROVED,,23696.05,10,26
SA-10052,SAIL_ST,SAIL_BHILAI,Globe Valve Cast Steel 100NB Class 150,globe valve cast steel 100nb class 150,NMC-GEN-VLV-0002,Globe 100NB Class 150 Carbon Steel API 600,VALVES_FLOW,NOS,NOS,EXACT_DUPLICATE,0.96,AUTO_APPROVED,,22862.3,72,153
CI-10053,CIL_MN,CIL_SINGRAULI,Globe Valve Cast Steel 100NB Class 150,globe valve cast steel 100nb class 150,NMC-GEN-VLV-0002,Globe 100NB Class 150 Carbon Steel API 600,VALVES_FLOW,NOS,NOS,EXACT_DUPLICATE,0.96,AUTO_APPROVED,,24947.52,2,7
BH-10054,BHEL_HE,BHEL_HYDERABAD,Globe Valve Cast Steel 100NB Class 150,globe valve cast steel 100nb class 150,NMC-GEN-VLV-0002,Globe 100NB Class 150 Carbon Steel API 600,VALVES_FLOW,NOS,NOS,EXACT_DUPLICATE,0.96,AUTO_APPROVED,,25386.32,9,19
CP-10060,CPCL_OG,CPCL_MANALI,Ball Valve 50NB Class 300,ball valve 50nb class 300,NMC-GEN-VLV-0003,Ball 50NB Class 300 Stainless Steel 316 API 608,VALVES_FLOW,NOS,NOS,EXACT_DUPLICATE,0.96,AUTO_APPROVED,,20682.42,6,26
NT-10061,NTPC_PW,NTPC_SINGRAULI,Ball Valve 50NB Class 300,ball valve 50nb class 300,NMC-GEN-VLV-0003,Ball 50NB Class 300 Stainless Steel 316 API 608,VALVES_FLOW,NOS,NOS,EXACT_DUPLICATE,0.96,AUTO_APPROVED,,20693.83,32,87
SA-10062,SAIL_ST,SAIL_BHILAI,Ball Valve 50NB Class 300,ball valve 50nb class 300,NMC-GEN-VLV-0003,Ball 50NB Class 300 Stainless Steel 316 API 608,VALVES_FLOW,NOS,NOS,EXACT_DUPLICATE,0.96,AUTO_APPROVED,,22667.63,29,152
CI-10063,CIL_MN,CIL_SINGRAULI,Ball Valve 50NB Class 300,ball valve 50nb class 300,NMC-GEN-VLV-0003,Ball 50NB Class 300 Stainless Steel 316 API 608,VALVES_FLOW,NOS,NOS,EXACT_DUPLICATE,0.96,AUTO_APPROVED,,20896.63,75,332
BH-10064,BHEL_HE,BHEL_HYDERABAD,Ball Valve 50NB Class 300,ball valve 50nb class 300,NMC-GEN-VLV-0003,Ball 50NB Class 300 Stainless Steel 316 API 608,VALVES_FLOW,NOS,NOS,EXACT_DUPLICATE,0.96,AUTO_APPROVED,,22019.81,62,239
SA-10072,SAIL_ST,SAIL_BHILAI,S/W GASKET 150NB Class 150 SS316 Graphite,s w gasket 150nb class 150 stainless steel 316 graphite,NMC-GEN-GSK-0001,Spiral 150NB Class 150 Stainless Steel 316 ASME B16.20,GASKETS_SEALS,NOS,NOS,EXACT_DUPLICATE,0.96,AUTO_APPROVED,,4450.22,8,48
CI-10073,CIL_MN,CIL_SINGRAULI,SP WDG GASKET 150NB Class 150 SS316 Graphite,sp wdg gasket 150nb class 150 stainless steel 316 graphite,NMC-GEN-GSK-0001,Spiral 150NB Class 150 Stainless Steel 316 ASME B16.20,GASKETS_SEALS,NOS,NOS,EXACT_DUPLICATE,0.96,AUTO_APPROVED,,4317.68,14,14
BH-10074,BHEL_HE,BHEL_HYDERABAD,SPIRAL WOUND GSK 150NB Class 150 SS316 Graphite,spiral wound gasket 150nb class 150 stainless steel 316 graphite,NMC-GEN-GSK-0001,Spiral 150NB Class 150 Stainless Steel 316 ASME B16.20,GASKETS_SEALS,NOS,NOS,EXACT_DUPLICATE,0.96,AUTO_APPROVED,,4159.65,45,226
CP-10070,CPCL_OG,CPCL_MANALI,SP WOUND GSKT 150NB Class 150 SS316 Graphite,sp wound gasket 150nb class 150 stainless steel 316 graphite,NMC-GEN-GSK-0001,Spiral 150NB Class 150 Stainless Steel 316 ASME B16.20,GASKETS_SEALS,NOS,NOS,EXACT_DUPLICATE,0.96,AUTO_APPROVED,,4025.96,14,62
NT-10071,NTPC_PW,NTPC_SINGRAULI,SPIRAL WOUND GASKET 150NB Class 150 SS316 Graphite,spiral wound gasket 150nb class 150 stainless steel 316 graphite,NMC-GEN-GSK-0001,Spiral 150NB Class 150 Stainless Steel 316 ASME B16.20,GASKETS_SEALS,NOS,NOS,EXACT_DUPLICATE,0.96,AUTO_APPROVED,,4129.21,54,266
CP-10080,CPCL_OG,CPCL_MANALI,SP WOUND GSKT 100NB Class 150 SS316 Graphite,sp wound gasket 100nb class 150 stainless steel 316 graphite,NMC-GEN-GSK-0002,Spiral 100NB Class 150 Stainless Steel 316 ASME B16.20,GASKETS_SEALS,NOS,NOS,EXACT_DUPLICATE,0.96,AUTO_APPROVED,,3389.6,33,65
NT-10081,NTPC_PW,NTPC_SINGRAULI,SPIRAL WOUND GASKET 100NB Class 150 SS316 Graphite,spiral wound gasket 100nb class 150 stainless steel 316 graphite,NMC-GEN-GSK-0002,Spiral 100NB Class 150 Stainless Steel 316 ASME B16.20,GASKETS_SEALS,NOS,NOS,EXACT_DUPLICATE,0.96,AUTO_APPROVED,,3067.3,59,100
SA-10082,SAIL_ST,SAIL_BHILAI,S/W GASKET 100NB Class 150 SS316 Graphite,s w gasket 100nb class 150 stainless steel 316 graphite,NMC-GEN-GSK-0002,Spiral 100NB Class 150 Stainless Steel 316 ASME B16.20,GASKETS_SEALS,NOS,NOS,EXACT_DUPLICATE,0.96,AUTO_APPROVED,,3178.5,37,136
CI-10083,CIL_MN,CIL_SINGRAULI,SP WDG GASKET 100NB Class 150 SS316 Graphite,sp wdg gasket 100nb class 150 stainless steel 316 graphite,NMC-GEN-GSK-0002,Spiral 100NB Class 150 Stainless Steel 316 ASME B16.20,GASKETS_SEALS,NOS,NOS,EXACT_DUPLICATE,0.96,AUTO_APPROVED,,3095.91,11,33
BH-10084,BHEL_HE,BHEL_HYDERABAD,SPIRAL WOUND GSK 100NB Class 150 SS316 Graphite,spiral wound gasket 100nb class 150 stainless steel 316 graphite,NMC-GEN-GSK-0002,Spiral 100NB Class 150 Stainless Steel 316 ASME B16.20,GASKETS_SEALS,NOS,NOS,EXACT_DUPLICATE,0.96,AUTO_APPROVED,,3363.85,72,86
CP-10090,CPCL_OG,CPCL_MANALI,Induction Motor 15kW 4P TEFC,induction motor 15kw 4p totally enclosed fan cooled,NMC-GEN-MOT-0001,Induction Motor 15Kw 4P Totally Enclosed Fan Cooled,MOTORS_DRIVES,NOS,EA,EXACT_DUPLICATE,0.96,AUTO_APPROVED,,48754.59,71,42
NT-10091,NTPC_PW,NTPC_SINGRAULI,Induction Motor 15kW 4P TEFC,induction motor 15kw 4p totally enclosed fan cooled,NMC-GEN-MOT-0001,Induction Motor 15Kw 4P Totally Enclosed Fan Cooled,MOTORS_DRIVES,NOS,EA,EXACT_DUPLICATE,0.96,AUTO_APPROVED,,55918.17,32,58
SA-10092,SAIL_ST,SAIL_BHILAI,Induction Motor 15kW 4P TEFC,induction motor 15kw 4p totally enclosed fan cooled,NMC-GEN-MOT-0001,Induction Motor 15Kw 4P Totally Enclosed Fan Cooled,MOTORS_DRIVES,NOS,EA,EXACT_DUPLICATE,0.96,AUTO_APPROVED,,51530.03,63,140
CI-10093,CIL_MN,CIL_SINGRAULI,Induction Motor 15kW 4P TEFC,induction motor 15kw 4p totally enclosed fan cooled,NMC-GEN-MOT-0001,Induction Motor 15Kw 4P Totally Enclosed Fan Cooled,MOTORS_DRIVES,NOS,EA,EXACT_DUPLICATE,0.96,AUTO_APPROVED,,55104.27,9,15
BH-10094,BHEL_HE,BHEL_HYDERABAD,Induction Motor 15kW 4P TEFC,induction motor 15kw 4p totally enclosed fan cooled,NMC-GEN-MOT-0001,Induction Motor 15Kw 4P Totally Enclosed Fan Cooled,MOTORS_DRIVES,NOS,EA,EXACT_DUPLICATE,0.96,AUTO_APPROVED,,51315.99,51,160
CP-10100,CPCL_OG,CPCL_MANALI,Induction Motor 30kW 4P TEFC,induction motor 30kw 4p totally enclosed fan cooled,NMC-GEN-MOT-0002,Induction Motor 30Kw 4P Totally Enclosed Fan Cooled,MOTORS_DRIVES,NOS,EA,EXACT_DUPLICATE,0.96,AUTO_APPROVED,,91932.08,60,176
NT-10101,NTPC_PW,NTPC_SINGRAULI,Induction Motor 30kW 4P TEFC,induction motor 30kw 4p totally enclosed fan cooled,NMC-GEN-MOT-0002,Induction Motor 30Kw 4P Totally Enclosed Fan Cooled,MOTORS_DRIVES,NOS,EA,EXACT_DUPLICATE,0.96,AUTO_APPROVED,,85436.8,73,374
SA-10102,SAIL_ST,SAIL_BHILAI,Induction Motor 30kW 4P TEFC,induction motor 30kw 4p totally enclosed fan cooled,NMC-GEN-MOT-0002,Induction Motor 30Kw 4P Totally Enclosed Fan Cooled,MOTORS_DRIVES,NOS,EA,EXACT_DUPLICATE,0.96,AUTO_APPROVED,,89247.47,21,34
CI-10103,CIL_MN,CIL_SINGRAULI,Induction Motor 30kW 4P TEFC,induction motor 30kw 4p totally enclosed fan cooled,NMC-GEN-MOT-0002,Induction Motor 30Kw 4P Totally Enclosed Fan Cooled,MOTORS_DRIVES,NOS,EA,EXACT_DUPLICATE,0.96,AUTO_APPROVED,,83807.53,9,42
BH-10104,BHEL_HE,BHEL_HYDERABAD,Induction Motor 30kW 4P TEFC,induction motor 30kw 4p totally enclosed fan cooled,NMC-GEN-MOT-0002,Induction Motor 30Kw 4P Totally Enclosed Fan Cooled,MOTORS_DRIVES,NOS,EA,EXACT_DUPLICATE,0.96,AUTO_APPROVED,,89471.01,9,52
CP-10110,CPCL_OG,CPCL_MANALI,Induction Motor 75kW 4P TEFC,induction motor 75kw 4p totally enclosed fan cooled,NMC-GEN-MOT-0003,Induction Motor 75Kw 4P Totally Enclosed Fan Cooled,MOTORS_DRIVES,NOS,EA,EXACT_DUPLICATE,0.96,AUTO_APPROVED,,170982.13,8,42
NT-10111,NTPC_PW,NTPC_SINGRAULI,Induction Motor 75kW 4P TEFC,induction motor 75kw 4p totally enclosed fan cooled,NMC-GEN-MOT-0003,Induction Motor 75Kw 4P Totally Enclosed Fan Cooled,MOTORS_DRIVES,NOS,EA,EXACT_DUPLICATE,0.96,AUTO_APPROVED,,175265.7,69,114
SA-10112,SAIL_ST,SAIL_BHILAI,Induction Motor 75kW 4P TEFC,induction motor 75kw 4p totally enclosed fan cooled,NMC-GEN-MOT-0003,Induction Motor 75Kw 4P Totally Enclosed Fan Cooled,MOTORS_DRIVES,NOS,EA,EXACT_DUPLICATE,0.96,AUTO_APPROVED,,164243.09,67,74
CI-10113,CIL_MN,CIL_SINGRAULI,Induction Motor 75kW 4P TEFC,induction motor 75kw 4p totally enclosed fan cooled,NMC-GEN-MOT-0003,Induction Motor 75Kw 4P Totally Enclosed Fan Cooled,MOTORS_DRIVES,NOS,EA,EXACT_DUPLICATE,0.96,AUTO_APPROVED,,185097.74,10,43
BH-10114,BHEL_HE,BHEL_HYDERABAD,Induction Motor 75kW 4P TEFC,induction motor 75kw 4p totally enclosed fan cooled,NMC-GEN-MOT-0003,Induction Motor 75Kw 4P Totally Enclosed Fan Cooled,MOTORS_DRIVES,NOS,EA,EXACT_DUPLICATE,0.96,AUTO_APPROVED,,164533.97,32,119
CP-50120,CPCL_OG,CPCL_MANALI,Cable 11kV 3C x 400 sqmm Al,cable 11kv 3c x 400 sqmm aluminium,NMC-GEN-CBL-0001,11Kv Aluminium IS 7098,CABLES_CONDUCTORS,MTR,MTR,EXACT_DUPLICATE,0.96,AUTO_APPROVED,,1895.61,45,227
SA-50122,SAIL_ST,SAIL_BHILAI,Cable 11kV 3C x 400 sqmm Al,cable 11kv 3c x 400 sqmm aluminium,NMC-GEN-CBL-0001,11Kv Aluminium IS 7098,CABLES_CONDUCTORS,MTR,MTR,EXACT_DUPLICATE,0.96,AUTO_APPROVED,,1857.44,24,40
BH-50124,BHEL_HE,BHEL_HYDERABAD,Cable 11kV 3C x 400 sqmm Al,cable 11kv 3c x 400 sqmm aluminium,NMC-GEN-CBL-0001,11Kv Aluminium IS 7098,CABLES_CONDUCTORS,MTR,MTR,EXACT_DUPLICATE,0.96,AUTO_APPROVED,,1822.55,75,296
CP-10120,CPCL_OG,CPCL_MANALI,11KV XLPE CABLE 3C X 400 SQMM AL,11kv cross-linked polyethylene cable 3c x 400 sqmm aluminium,NMC-GEN-CBL-0001,11Kv Aluminium IS 7098,CABLES_CONDUCTORS,MTR,MTR,EXACT_DUPLICATE,0.96,AUTO_APPROVED,,1753.77,74,163
NT-10121,NTPC_PW,NTPC_SINGRAULI,CABLE XLPE 11KV 3C-400 AL,cable cross-linked polyethylene 11kv 3c-400 aluminium,NMC-GEN-CBL-0001,11Kv Aluminium IS 7098,CABLES_CONDUCTORS,MTR,MTR,EXACT_DUPLICATE,0.96,AUTO_APPROVED,,1881.15,7,10
SA-10122,SAIL_ST,SAIL_BHILAI,11KV XLPE AL CABLE 3X400,11kv cross-linked polyethylene aluminium cable 3x400,NMC-GEN-CBL-0001,11Kv Aluminium IS 7098,CABLES_CONDUCTORS,MTR,MTR,EXACT_DUPLICATE,0.96,AUTO_APPROVED,,1836.83,76,327
CI-10123,CIL_MN,CIL_SINGRAULI,XLPE CABLE 11KV 3C X 400 AL,cross-linked polyethylene cable 11kv 3c x 400 aluminium,NMC-GEN-CBL-0001,11Kv Aluminium IS 7098,CABLES_CONDUCTORS,MTR,MTR,EXACT_DUPLICATE,0.96,AUTO_APPROVED,,1865.57,35,69
BH-10124,BHEL_HE,BHEL_HYDERABAD,CABLE XLPE 11KV 3C400 ALU ARM,cable cross-linked polyethylene 11kv 3c400 aluminium armoured,NMC-GEN-CBL-0001,11Kv Aluminium IS 7098,CABLES_CONDUCTORS,MTR,MTR,EXACT_DUPLICATE,0.96,AUTO_APPROVED,,1906.35,42,82
NT-50121,NTPC_PW,NTPC_SINGRAULI,Cable 11kV 3C x 400 sqmm Al,cable 11kv 3c x 400 sqmm aluminium,NMC-GEN-CBL-0001,11Kv Aluminium IS 7098,CABLES_CONDUCTORS,MTR,MTR,EXACT_DUPLICATE,0.96,AUTO_APPROVED,,1829.4,49,238
CI-50123,CIL_MN,CIL_SINGRAULI,Cable 11kV 3C x 400 sqmm Al,cable 11kv 3c x 400 sqmm aluminium,NMC-GEN-CBL-0001,11Kv Aluminium IS 7098,CABLES_CONDUCTORS,MTR,MTR,EXACT_DUPLICATE,0.96,AUTO_APPROVED,,1889.25,50,296
BH-10134,BHEL_HE,BHEL_HYDERABAD,1.1kV XLPE Cable 3C x 95 sqmm Aluminium,1.1kv cross-linked polyethylene cable 3c x 95 sqmm aluminium,NMC-GEN-CBL-0002,1.1Kv Aluminium IS 7098,CABLES_CONDUCTORS,MTR,MTR,EXACT_DUPLICATE,0.96,AUTO_APPROVED,,489.31,29,143
CP-10130,CPCL_OG,CPCL_MANALI,1.1kV XLPE Cable 3C x 95 sqmm Aluminium,1.1kv cross-linked polyethylene cable 3c x 95 sqmm aluminium,NMC-GEN-CBL-0002,1.1Kv Aluminium IS 7098,CABLES_CONDUCTORS,MTR,MTR,EXACT_DUPLICATE,0.96,AUTO_APPROVED,,504.32,18,94
NT-10131,NTPC_PW,NTPC_SINGRAULI,1.1kV XLPE Cable 3C x 95 sqmm Aluminium,1.1kv cross-linked polyethylene cable 3c x 95 sqmm aluminium,NMC-GEN-CBL-0002,1.1Kv Aluminium IS 7098,CABLES_CONDUCTORS,MTR,MTR,EXACT_DUPLICATE,0.96,AUTO_APPROVED,,533.95,60,191
SA-10132,SAIL_ST,SAIL_BHILAI,1.1kV XLPE Cable 3C x 95 sqmm Aluminium,1.1kv cross-linked polyethylene cable 3c x 95 sqmm aluminium,NMC-GEN-CBL-0002,1.1Kv Aluminium IS 7098,CABLES_CONDUCTORS,MTR,MTR,EXACT_DUPLICATE,0.96,AUTO_APPROVED,,556.06,11,5
CI-10133,CIL_MN,CIL_SINGRAULI,1.1kV XLPE Cable 3C x 95 sqmm Aluminium,1.1kv cross-linked polyethylene cable 3c x 95 sqmm aluminium,NMC-GEN-CBL-0002,1.1Kv Aluminium IS 7098,CABLES_CONDUCTORS,MTR,MTR,EXACT_DUPLICATE,0.96,AUTO_APPROVED,,519.35,74,88
CP-10140,CPCL_OG,CPCL_MANALI,1.1kV XLPE Cable 4C x 16 sqmm Copper,1.1kv cross-linked polyethylene cable 4c x 16 sqmm copper,NMC-GEN-CBL-0003,1.1Kv Copper IS 7098,CABLES_CONDUCTORS,MTR,MTR,EXACT_DUPLICATE,0.96,AUTO_APPROVED,,300.63,46,248
NT-10141,NTPC_PW,NTPC_SINGRAULI,1.1kV XLPE Cable 4C x 16 sqmm Copper,1.1kv cross-linked polyethylene cable 4c x 16 sqmm copper,NMC-GEN-CBL-0003,1.1Kv Copper IS 7098,CABLES_CONDUCTORS,MTR,MTR,EXACT_DUPLICATE,0.96,AUTO_APPROVED,,291.5,33,110
SA-10142,SAIL_ST,SAIL_BHILAI,1.1kV XLPE Cable 4C x 16 sqmm Copper,1.1kv cross-linked polyethylene cable 4c x 16 sqmm copper,NMC-GEN-CBL-0003,1.1Kv Copper IS 7098,CABLES_CONDUCTORS,MTR,MTR,EXACT_DUPLICATE,0.96,AUTO_APPROVED,,301.55,58,307
CI-10143,CIL_MN,CIL_SINGRAULI,1.1kV XLPE Cable 4C x 16 sqmm Copper,1.1kv cross-linked polyethylene cable 4c x 16 sqmm copper,NMC-GEN-CBL-0003,1.1Kv Copper IS 7098,CABLES_CONDUCTORS,MTR,MTR,EXACT_DUPLICATE,0.96,AUTO_APPROVED,,321.01,80,453
BH-10144,BHEL_HE,BHEL_HYDERABAD,1.1kV XLPE Cable 4C x 16 sqmm Copper,1.1kv cross-linked polyethylene cable 4c x 16 sqmm copper,NMC-GEN-CBL-0003,1.1Kv Copper IS 7098,CABLES_CONDUCTORS,MTR,MTR,EXACT_DUPLICATE,0.96,AUTO_APPROVED,,318.71,3,14
CP-10150,CPCL_OG,CPCL_MANALI,HEX BOLT M16 x 80 Grade 8.8,hexagonal bolt m16 x 80 grade 8.8,NMC-GEN-FST-0001,Hexagonal Bolt M16 X 80 Grade 8.8,FASTENERS,NOS,NOS,EXACT_DUPLICATE,0.96,AUTO_APPROVED,,51.35,15,24
NT-10151,NTPC_PW,NTPC_SINGRAULI,HEX HD BOLT M16 x 80 Grade 8.8,hexagonal hd bolt m16 x 80 grade 8.8,NMC-GEN-FST-0001,Hexagonal Bolt M16 X 80 Grade 8.8,FASTENERS,NOS,NOS,EXACT_DUPLICATE,0.96,AUTO_APPROVED,,46.54,15,77
SA-10152,SAIL_ST,SAIL_BHILAI,BOLT HEX M16 x 80 Grade 8.8,bolt hexagonal m16 x 80 grade 8.8,NMC-GEN-FST-0001,Hexagonal Bolt M16 X 80 Grade 8.8,FASTENERS,NOS,NOS,EXACT_DUPLICATE,0.96,AUTO_APPROVED,,45.76,38,173
CI-10153,CIL_MN,CIL_SINGRAULI,HEXAGONAL BOLT M16 x 80 Grade 8.8,hexagonal bolt m16 x 80 grade 8.8,NMC-GEN-FST-0001,Hexagonal Bolt M16 X 80 Grade 8.8,FASTENERS,NOS,NOS,EXACT_DUPLICATE,0.96,AUTO_APPROVED,,46.16,45,74
BH-10154,BHEL_HE,BHEL_HYDERABAD,HT BOLT M16 x 80 Grade 8.8,high tensile bolt m16 x 80 grade 8.8,NMC-GEN-FST-0001,Hexagonal Bolt M16 X 80 Grade 8.8,FASTENERS,NOS,NOS,EXACT_DUPLICATE,0.96,AUTO_APPROVED,,49.59,35,146
CP-50060,CPCL_OG,CPCL_MANALI,Hex Bolt M16 x 80 Grade 8.8,hexagonal bolt m16 x 80 grade 8.8,NMC-GEN-FST-0001,Hexagonal Bolt M16 X 80 Grade 8.8,FASTENERS,NOS,NOS,EXACT_DUPLICATE,0.96,AUTO_APPROVED,,49.39,6,28
SA-50062,SAIL_ST,SAIL_BHILAI,Hex Bolt M16 x 80 Grade 8.8,hexagonal bolt m16 x 80 grade 8.8,NMC-GEN-FST-0001,Hexagonal Bolt M16 X 80 Grade 8.8,FASTENERS,NOS,NOS,EXACT_DUPLICATE,0.96,AUTO_APPROVED,,45.84,44,84
BH-50064,BHEL_HE,BHEL_HYDERABAD,Hex Bolt M16 x 80 Grade 8.8,hexagonal bolt m16 x 80 grade 8.8,NMC-GEN-FST-0001,Hexagonal Bolt M16 X 80 Grade 8.8,FASTENERS,NOS,NOS,EXACT_DUPLICATE,0.96,AUTO_APPROVED,,46.04,12,17
NT-50061,NTPC_PW,NTPC_SINGRAULI,Hex Bolt M16 x 80 Grade 8.8,hexagonal bolt m16 x 80 grade 8.8,NMC-GEN-FST-0001,Hexagonal Bolt M16 X 80 Grade 8.8,FASTENERS,NOS,NOS,EXACT_DUPLICATE,0.96,AUTO_APPROVED,,49.99,30,180
CI-50063,CIL_MN,CIL_SINGRAULI,Hex Bolt M16 x 80 Grade 8.8,hexagonal bolt m16 x 80 grade 8.8,NMC-GEN-FST-0001,Hexagonal Bolt M16 X 80 Grade 8.8,FASTENERS,NOS,NOS,EXACT_DUPLICATE,0.96,AUTO_APPROVED,,47.8,5,6
CP-10160,CPCL_OG,CPCL_MANALI,HEX BOLT M16 Grade 8,hexagonal bolt m16 grade 8,NMC-GEN-FST-0002,Hexagonal Bolt M16 Grade 8,FASTENERS,NOS,NOS,EXACT_DUPLICATE,0.96,AUTO_APPROVED,,18.06,8,10
NT-10161,NTPC_PW,NTPC_SINGRAULI,HEX HD BOLT M16 Grade 8,hexagonal hd bolt m16 grade 8,NMC-GEN-FST-0002,Hexagonal Bolt M16 Grade 8,FASTENERS,NOS,NOS,EXACT_DUPLICATE,0.96,AUTO_APPROVED,,18.45,37,29
SA-10162,SAIL_ST,SAIL_BHILAI,BOLT HEX M16 Grade 8,bolt hexagonal m16 grade 8,NMC-GEN-FST-0002,Hexagonal Bolt M16 Grade 8,FASTENERS,NOS,NOS,EXACT_DUPLICATE,0.96,AUTO_APPROVED,,16.75,18,90
CI-10163,CIL_MN,CIL_SINGRAULI,HEXAGONAL BOLT M16 Grade 8,hexagonal bolt m16 grade 8,NMC-GEN-FST-0002,Hexagonal Bolt M16 Grade 8,FASTENERS,NOS,NOS,EXACT_DUPLICATE,0.96,AUTO_APPROVED,,19.39,22,105
BH-10164,BHEL_HE,BHEL_HYDERABAD,HT BOLT M16 Grade 8,high tensile bolt m16 grade 8,NMC-GEN-FST-0002,Hexagonal Bolt M16 Grade 8,FASTENERS,NOS,NOS,EXACT_DUPLICATE,0.96,AUTO_APPROVED,,17.93,56,315
CP-10170,CPCL_OG,CPCL_MANALI,HEX BOLT M20 x 150 Grade 8.8,hexagonal bolt m20 x 150 grade 8.8,NMC-GEN-FST-0003,Hexagonal Bolt M20 X 150 Grade 8.8,FASTENERS,NOS,NOS,EXACT_DUPLICATE,0.96,AUTO_APPROVED,,116.43,11,65
NT-10171,NTPC_PW,NTPC_SINGRAULI,HEX HD BOLT M20 x 150 Grade 8.8,hexagonal hd bolt m20 x 150 grade 8.8,NMC-GEN-FST-0003,Hexagonal Bolt M20 X 150 Grade 8.8,FASTENERS,NOS,NOS,EXACT_DUPLICATE,0.96,AUTO_APPROVED,,132.81,21,79
SA-10172,SAIL_ST,SAIL_BHILAI,BOLT HEX M20 x 150 Grade 8.8,bolt hexagonal m20 x 150 grade 8.8,NMC-GEN-FST-0003,Hexagonal Bolt M20 X 150 Grade 8.8,FASTENERS,NOS,NOS,EXACT_DUPLICATE,0.96,AUTO_APPROVED,,116.93,49,99
CI-10173,CIL_MN,CIL_SINGRAULI,HEXAGONAL BOLT M20 x 150 Grade 8.8,hexagonal bolt m20 x 150 grade 8.8,NMC-GEN-FST-0003,Hexagonal Bolt M20 X 150 Grade 8.8,FASTENERS,NOS,NOS,EXACT_DUPLICATE,0.96,AUTO_APPROVED,,124.31,7,24
BH-10174,BHEL_HE,BHEL_HYDERABAD,HT BOLT M20 x 150 Grade 8.8,high tensile bolt m20 x 150 grade 8.8,NMC-GEN-FST-0003,Hexagonal Bolt M20 X 150 Grade 8.8,FASTENERS,NOS,NOS,EXACT_DUPLICATE,0.96,AUTO_APPROVED,,123.09,7,27
CP-10180,CPCL_OG,CPCL_MANALI,Mechanical Seal 40mm Pump Shaft,mechanical seal 40nb (40mm) pump shaft,NMC-GEN-GSK-0003,Mechanical 40NB DIN 24960,GASKETS_SEALS,SET,SET,EXACT_DUPLICATE,0.96,AUTO_APPROVED,,13941.92,33,186
NT-10181,NTPC_PW,NTPC_SINGRAULI,Mechanical Seal 40mm Pump Shaft,mechanical seal 40nb (40mm) pump shaft,NMC-GEN-GSK-0003,Mechanical 40NB DIN 24960,GASKETS_SEALS,SET,SET,EXACT_DUPLICATE,0.96,AUTO_APPROVED,,13708.58,73,244
SA-10182,SAIL_ST,SAIL_BHILAI,Mechanical Seal 40mm Pump Shaft,mechanical seal 40nb (40mm) pump shaft,NMC-GEN-GSK-0003,Mechanical 40NB DIN 24960,GASKETS_SEALS,SET,SET,EXACT_DUPLICATE,0.96,AUTO_APPROVED,,15603.1,21,40
CI-10183,CIL_MN,CIL_SINGRAULI,Mechanical Seal 40mm Pump Shaft,mechanical seal 40nb (40mm) pump shaft,NMC-GEN-GSK-0003,Mechanical 40NB DIN 24960,GASKETS_SEALS,SET,SET,EXACT_DUPLICATE,0.96,AUTO_APPROVED,,15365.52,24,117
BH-10184,BHEL_HE,BHEL_HYDERABAD,Mechanical Seal 40mm Pump Shaft,mechanical seal 40nb (40mm) pump shaft,NMC-GEN-GSK-0003,Mechanical 40NB DIN 24960,GASKETS_SEALS,SET,SET,EXACT_DUPLICATE,0.96,AUTO_APPROVED,,13538.91,44,222
CP-10190,CPCL_OG,CPCL_MANALI,Mechanical Seal 50mm Pump Shaft,mechanical seal 50nb (50mm) pump shaft,NMC-GEN-GSK-0004,Mechanical 50NB DIN 24960,GASKETS_SEALS,SET,SET,EXACT_DUPLICATE,0.96,AUTO_APPROVED,,19788.01,33,84
NT-10191,NTPC_PW,NTPC_SINGRAULI,Mechanical Seal 50mm Pump Shaft,mechanical seal 50nb (50mm) pump shaft,NMC-GEN-GSK-0004,Mechanical 50NB DIN 24960,GASKETS_SEALS,SET,SET,EXACT_DUPLICATE,0.96,AUTO_APPROVED,,17646.77,15,55
SA-10192,SAIL_ST,SAIL_BHILAI,Mechanical Seal 50mm Pump Shaft,mechanical seal 50nb (50mm) pump shaft,NMC-GEN-GSK-0004,Mechanical 50NB DIN 24960,GASKETS_SEALS,SET,SET,EXACT_DUPLICATE,0.96,AUTO_APPROVED,,19625.26,62,144
CI-10193,CIL_MN,CIL_SINGRAULI,Mechanical Seal 50mm Pump Shaft,mechanical seal 50nb (50mm) pump shaft,NMC-GEN-GSK-0004,Mechanical 50NB DIN 24960,GASKETS_SEALS,SET,SET,EXACT_DUPLICATE,0.96,AUTO_APPROVED,,17758.81,60,209
BH-10194,BHEL_HE,BHEL_HYDERABAD,Mechanical Seal 50mm Pump Shaft,mechanical seal 50nb (50mm) pump shaft,NMC-GEN-GSK-0004,Mechanical 50NB DIN 24960,GASKETS_SEALS,SET,SET,EXACT_DUPLICATE,0.96,AUTO_APPROVED,,18051.9,31,72
NT-10201,NTPC_PW,NTPC_SINGRAULI,Hydraulic Hose 1 inch 2-Wire,hydraulic hose 25nb (1inch) 2-wire,NMC-GEN-DRL-0001,Hydraulic Hose 25Nb (1Inch) 2-Wire,DRILLING_MINING,MTR,MTR,EXACT_DUPLICATE,0.96,AUTO_APPROVED,,1419.9,10,54
SA-10202,SAIL_ST,SAIL_BHILAI,Hydraulic Hose 1 inch 2-Wire,hydraulic hose 25nb (1inch) 2-wire,NMC-GEN-DRL-0001,Hydraulic Hose 25Nb (1Inch) 2-Wire,DRILLING_MINING,MTR,MTR,EXACT_DUPLICATE,0.96,AUTO_APPROVED,,1409.21,67,237
CI-10203,CIL_MN,CIL_SINGRAULI,Hydraulic Hose 1 inch 2-Wire,hydraulic hose 25nb (1inch) 2-wire,NMC-GEN-DRL-0001,Hydraulic Hose 25Nb (1Inch) 2-Wire,DRILLING_MINING,MTR,MTR,EXACT_DUPLICATE,0.96,AUTO_APPROVED,,1496.3,70,204
BH-10204,BHEL_HE,BHEL_HYDERABAD,Hydraulic Hose 1 inch 2-Wire,hydraulic hose 25nb (1inch) 2-wire,NMC-GEN-DRL-0001,Hydraulic Hose 25Nb (1Inch) 2-Wire,DRILLING_MINING,MTR,MTR,EXACT_DUPLICATE,0.96,AUTO_APPROVED,,1552.78,16,41
CP-10200,CPCL_OG,CPCL_MANALI,Hydraulic Hose 1 inch 2-Wire,hydraulic hose 25nb (1inch) 2-wire,NMC-GEN-DRL-0001,Hydraulic Hose 25Nb (1Inch) 2-Wire,DRILLING_MINING,MTR,MTR,EXACT_DUPLICATE,0.96,AUTO_APPROVED,,1353.65,26,115
CP-10210,CPCL_OG,CPCL_MANALI,Hydraulic Hose 3/4 inch 2-Wire,hydraulic hose 3 100nb (4inch) 2-wire,NMC-GEN-FST-0004,Hydraulic Hose 3 100Nb (4Inch) 2-Wire,FASTENERS,MTR,MTR,EXACT_DUPLICATE,0.96,AUTO_APPROVED,,1004.62,35,26
NT-10211,NTPC_PW,NTPC_SINGRAULI,Hydraulic Hose 3/4 inch 2-Wire,hydraulic hose 3 100nb (4inch) 2-wire,NMC-GEN-FST-0004,Hydraulic Hose 3 100Nb (4Inch) 2-Wire,FASTENERS,MTR,MTR,EXACT_DUPLICATE,0.96,AUTO_APPROVED,,993.57,57,204
SA-10212,SAIL_ST,SAIL_BHILAI,Hydraulic Hose 3/4 inch 2-Wire,hydraulic hose 3 100nb (4inch) 2-wire,NMC-GEN-FST-0004,Hydraulic Hose 3 100Nb (4Inch) 2-Wire,FASTENERS,MTR,MTR,EXACT_DUPLICATE,0.96,AUTO_APPROVED,,1091.25,42,132
CI-10213,CIL_MN,CIL_SINGRAULI,Hydraulic Hose 3/4 inch 2-Wire,hydraulic hose 3 100nb (4inch) 2-wire,NMC-GEN-FST-0004,Hydraulic Hose 3 100Nb (4Inch) 2-Wire,FASTENERS,MTR,MTR,EXACT_DUPLICATE,0.96,AUTO_APPROVED,,1071.98,67,92
BH-10214,BHEL_HE,BHEL_HYDERABAD,Hydraulic Hose 3/4 inch 2-Wire,hydraulic hose 3 100nb (4inch) 2-wire,NMC-GEN-FST-0004,Hydraulic Hose 3 100Nb (4Inch) 2-Wire,FASTENERS,MTR,MTR,EXACT_DUPLICATE,0.96,AUTO_APPROVED,,1037.17,75,134
CP-10220,CPCL_OG,CPCL_MANALI,Cartridge Filter PP 10 micron,cartridge filter pp 10 micron,NMC-GEN-GSK-0005,Cartridge Filter Pp 10 Micron,GASKETS_SEALS,NOS,EA,EXACT_DUPLICATE,0.96,AUTO_APPROVED,,822.98,57,28
NT-10221,NTPC_PW,NTPC_SINGRAULI,Cartridge Filter PP 10 micron,cartridge filter pp 10 micron,NMC-GEN-GSK-0005,Cartridge Filter Pp 10 Micron,GASKETS_SEALS,NOS,EA,EXACT_DUPLICATE,0.96,AUTO_APPROVED,,856.79,70,386
SA-10222,SAIL_ST,SAIL_BHILAI,Cartridge Filter PP 10 micron,cartridge filter pp 10 micron,NMC-GEN-GSK-0005,Cartridge Filter Pp 10 Micron,GASKETS_SEALS,NOS,EA,EXACT_DUPLICATE,0.96,AUTO_APPROVED,,882.23,27,106
CI-10223,CIL_MN,CIL_SINGRAULI,Cartridge Filter PP 10 micron,cartridge filter pp 10 micron,NMC-GEN-GSK-0005,Cartridge Filter Pp 10 Micron,GASKETS_SEALS,NOS,EA,EXACT_DUPLICATE,0.96,AUTO_APPROVED,,845.49,44,181
BH-10224,BHEL_HE,BHEL_HYDERABAD,Cartridge Filter PP 10 micron,cartridge filter pp 10 micron,NMC-GEN-GSK-0005,Cartridge Filter Pp 10 Micron,GASKETS_SEALS,NOS,EA,EXACT_DUPLICATE,0.96,AUTO_APPROVED,,830.52,17,100
CP-10230,CPCL_OG,CPCL_MANALI,Air Filter Element 500mm,air filter element 500nb (500mm),NMC-GEN-GSK-0006,Air Filter Element 500Nb (500Mm),GASKETS_SEALS,NOS,EA,EXACT_DUPLICATE,0.96,AUTO_APPROVED,,2556.02,66,191
NT-10231,NTPC_PW,NTPC_SINGRAULI,Air Filter Element 500mm,air filter element 500nb (500mm),NMC-GEN-GSK-0006,Air Filter Element 500Nb (500Mm),GASKETS_SEALS,NOS,EA,EXACT_DUPLICATE,0.96,AUTO_APPROVED,,2472.08,43,124
SA-10232,SAIL_ST,SAIL_BHILAI,Air Filter Element 500mm,air filter element 500nb (500mm),NMC-GEN-GSK-0006,Air Filter Element 500Nb (500Mm),GASKETS_SEALS,NOS,EA,EXACT_DUPLICATE,0.96,AUTO_APPROVED,,2483.0,72,101
CI-10233,CIL_MN,CIL_SINGRAULI,Air Filter Element 500mm,air filter element 500nb (500mm),NMC-GEN-GSK-0006,Air Filter Element 500Nb (500Mm),GASKETS_SEALS,NOS,EA,EXACT_DUPLICATE,0.96,AUTO_APPROVED,,2301.06,50,114
BH-10234,BHEL_HE,BHEL_HYDERABAD,Air Filter Element 500mm,air filter element 500nb (500mm),NMC-GEN-GSK-0006,Air Filter Element 500Nb (500Mm),GASKETS_SEALS,NOS,EA,EXACT_DUPLICATE,0.96,AUTO_APPROVED,,2453.59,40,123
CP-10240,CPCL_OG,CPCL_MANALI,Flexible Jaw Coupling L-110,flexible jaw coupling l-110,NMC-GEN-CPL-0001,Flexible Jaw Coupling L-110,COUPLINGS,SET,SET,EXACT_DUPLICATE,0.96,AUTO_APPROVED,,6882.9,2,14
NT-10241,NTPC_PW,NTPC_SINGRAULI,Flexible Jaw Coupling L-110,flexible jaw coupling l-110,NMC-GEN-CPL-0001,Flexible Jaw Coupling L-110,COUPLINGS,SET,SET,EXACT_DUPLICATE,0.96,AUTO_APPROVED,,6616.65,57,324
SA-10242,SAIL_ST,SAIL_BHILAI,Flexible Jaw Coupling L-110,flexible jaw coupling l-110,NMC-GEN-CPL-0001,Flexible Jaw Coupling L-110,COUPLINGS,SET,SET,EXACT_DUPLICATE,0.96,AUTO_APPROVED,,6942.79,43,140
CI-10243,CIL_MN,CIL_SINGRAULI,Flexible Jaw Coupling L-110,flexible jaw coupling l-110,NMC-GEN-CPL-0001,Flexible Jaw Coupling L-110,COUPLINGS,SET,SET,EXACT_DUPLICATE,0.96,AUTO_APPROVED,,6774.62,29,144
BH-10244,BHEL_HE,BHEL_HYDERABAD,Flexible Jaw Coupling L-110,flexible jaw coupling l-110,NMC-GEN-CPL-0001,Flexible Jaw Coupling L-110,COUPLINGS,SET,SET,EXACT_DUPLICATE,0.96,AUTO_APPROVED,,6806.65,23,32
CP-10250,CPCL_OG,CPCL_MANALI,Grid Coupling G20,grid coupling g20,NMC-GEN-CPL-0002,Grid Coupling G20,COUPLINGS,SET,SET,EXACT_DUPLICATE,0.96,AUTO_APPROVED,,17992.51,44,45
NT-10251,NTPC_PW,NTPC_SINGRAULI,Grid Coupling G20,grid coupling g20,NMC-GEN-CPL-0002,Grid Coupling G20,COUPLINGS,SET,SET,EXACT_DUPLICATE,0.96,AUTO_APPROVED,,19476.13,32,188
SA-10252,SAIL_ST,SAIL_BHILAI,Grid Coupling G20,grid coupling g20,NMC-GEN-CPL-0002,Grid Coupling G20,COUPLINGS,SET,SET,EXACT_DUPLICATE,0.96,AUTO_APPROVED,,18066.41,27,50
CI-10253,CIL_MN,CIL_SINGRAULI,Grid Coupling G20,grid coupling g20,NMC-GEN-CPL-0002,Grid Coupling G20,COUPLINGS,SET,SET,EXACT_DUPLICATE,0.96,AUTO_APPROVED,,17272.78,33,137
BH-10254,BHEL_HE,BHEL_HYDERABAD,Grid Coupling G20,grid coupling g20,NMC-GEN-CPL-0002,Grid Coupling G20,COUPLINGS,SET,SET,EXACT_DUPLICATE,0.96,AUTO_APPROVED,,18901.29,11,34
CI-10263,CIL_MN,CIL_SINGRAULI,V-Belt SPB 2240,v-belt spb 2240,NMC-GEN-BLT-0001,V-Belt Spb 2240,CONVEYOR_BELTING,NOS,NOS,EXACT_DUPLICATE,0.96,AUTO_APPROVED,,743.86,15,61
BH-10264,BHEL_HE,BHEL_HYDERABAD,V-Belt SPB 2240,v-belt spb 2240,NMC-GEN-BLT-0001,V-Belt Spb 2240,CONVEYOR_BELTING,NOS,NOS,EXACT_DUPLICATE,0.96,AUTO_APPROVED,,693.23,68,271
CP-10260,CPCL_OG,CPCL_MANALI,V-Belt SPB 2240,v-belt spb 2240,NMC-GEN-BLT-0001,V-Belt Spb 2240,CONVEYOR_BELTING,NOS,NOS,EXACT_DUPLICATE,0.96,AUTO_APPROVED,,714.36,75,136
NT-10261,NTPC_PW,NTPC_SINGRAULI,V-Belt SPB 2240,v-belt spb 2240,NMC-GEN-BLT-0001,V-Belt Spb 2240,CONVEYOR_BELTING,NOS,NOS,EXACT_DUPLICATE,0.96,AUTO_APPROVED,,747.18,51,278
SA-10262,SAIL_ST,SAIL_BHILAI,V-Belt SPB 2240,v-belt spb 2240,NMC-GEN-BLT-0001,V-Belt Spb 2240,CONVEYOR_BELTING,NOS,NOS,EXACT_DUPLICATE,0.96,AUTO_APPROVED,,712.76,20,93
CP-10270,CPCL_OG,CPCL_MANALI,Roller Chain 16B-1,roller chain 16b-1,NMC-GEN-RPC-0001,Roller Carbon Steel ISO 606,ROPES_CHAINS,MTR,MTR,EXACT_DUPLICATE,0.96,AUTO_APPROVED,,1546.93,33,47
NT-10271,NTPC_PW,NTPC_SINGRAULI,Roller Chain 16B-1,roller chain 16b-1,NMC-GEN-RPC-0001,Roller Carbon Steel ISO 606,ROPES_CHAINS,MTR,MTR,EXACT_DUPLICATE,0.96,AUTO_APPROVED,,1647.47,61,301
SA-10272,SAIL_ST,SAIL_BHILAI,Roller Chain 16B-1,roller chain 16b-1,NMC-GEN-RPC-0001,Roller Carbon Steel ISO 606,ROPES_CHAINS,MTR,MTR,EXACT_DUPLICATE,0.96,AUTO_APPROVED,,1779.0,78,201
CI-10273,CIL_MN,CIL_SINGRAULI,Roller Chain 16B-1,roller chain 16b-1,NMC-GEN-RPC-0001,Roller Carbon Steel ISO 606,ROPES_CHAINS,MTR,MTR,EXACT_DUPLICATE,0.96,AUTO_APPROVED,,1769.63,58,342
BH-10274,BHEL_HE,BHEL_HYDERABAD,Roller Chain 16B-1,roller chain 16b-1,NMC-GEN-RPC-0001,Roller Carbon Steel ISO 606,ROPES_CHAINS,MTR,MTR,EXACT_DUPLICATE,0.96,AUTO_APPROVED,,1736.21,66,251
CP-10280,CPCL_OG,CPCL_MANALI,AC Contactor 32A 415V,ac contactor 32a 415v,NMC-GEN-SWG-0001,Ac Contactor 32A 415V,SWITCHGEAR,NOS,EA,EXACT_DUPLICATE,0.96,AUTO_APPROVED,,3374.67,72,264
NT-10281,NTPC_PW,NTPC_SINGRAULI,AC Contactor 32A 415V,ac contactor 32a 415v,NMC-GEN-SWG-0001,Ac Contactor 32A 415V,SWITCHGEAR,NOS,EA,EXACT_DUPLICATE,0.96,AUTO_APPROVED,,3406.66,62,261
SA-10282,SAIL_ST,SAIL_BHILAI,AC Contactor 32A 415V,ac contactor 32a 415v,NMC-GEN-SWG-0001,Ac Contactor 32A 415V,SWITCHGEAR,NOS,EA,EXACT_DUPLICATE,0.96,AUTO_APPROVED,,3100.41,33,179
CI-10283,CIL_MN,CIL_SINGRAULI,AC Contactor 32A 415V,ac contactor 32a 415v,NMC-GEN-SWG-0001,Ac Contactor 32A 415V,SWITCHGEAR,NOS,EA,EXACT_DUPLICATE,0.96,AUTO_APPROVED,,3109.11,68,282
BH-10284,BHEL_HE,BHEL_HYDERABAD,AC Contactor 32A 415V,ac contactor 32a 415v,NMC-GEN-SWG-0001,Ac Contactor 32A 415V,SWITCHGEAR,NOS,EA,EXACT_DUPLICATE,0.96,AUTO_APPROVED,,3276.84,37,130
CP-10290,CPCL_OG,CPCL_MANALI,MCCB 250A 4P,moulded case circuit breaker 250a 4p,NMC-GEN-SWG-0002,Moulded Case Circuit Breaker 250A 4P,SWITCHGEAR,NOS,EA,EXACT_DUPLICATE,0.96,AUTO_APPROVED,,17420.02,38,79
NT-10291,NTPC_PW,NTPC_SINGRAULI,MCCB 250A 4P,moulded case circuit breaker 250a 4p,NMC-GEN-SWG-0002,Moulded Case Circuit Breaker 250A 4P,SWITCHGEAR,NOS,EA,EXACT_DUPLICATE,0.96,AUTO_APPROVED,,17959.01,42,249
SA-10292,SAIL_ST,SAIL_BHILAI,MCCB 250A 4P,moulded case circuit breaker 250a 4p,NMC-GEN-SWG-0002,Moulded Case Circuit Breaker 250A 4P,SWITCHGEAR,NOS,EA,EXACT_DUPLICATE,0.96,AUTO_APPROVED,,18703.92,19,28
CI-10293,CIL_MN,CIL_SINGRAULI,MCCB 250A 4P,moulded case circuit breaker 250a 4p,NMC-GEN-SWG-0002,Moulded Case Circuit Breaker 250A 4P,SWITCHGEAR,NOS,EA,EXACT_DUPLICATE,0.96,AUTO_APPROVED,,17846.75,21,100
BH-10294,BHEL_HE,BHEL_HYDERABAD,MCCB 250A 4P,moulded case circuit breaker 250a 4p,NMC-GEN-SWG-0002,Moulded Case Circuit Breaker 250A 4P,SWITCHGEAR,NOS,EA,EXACT_DUPLICATE,0.96,AUTO_APPROVED,,17798.72,55,235
CP-10300,CPCL_OG,CPCL_MANALI,Industrial Gear Oil ISO VG 220,industrial gear oil iso vg 220,NMC-GEN-RPC-0002,Industrial Gear Oil Iso Vg 220,ROPES_CHAINS,LTR,LTR,EXACT_DUPLICATE,0.96,AUTO_APPROVED,,401.65,61,242
NT-10301,NTPC_PW,NTPC_SINGRAULI,Industrial Gear Oil ISO VG 220,industrial gear oil iso vg 220,NMC-GEN-RPC-0002,Industrial Gear Oil Iso Vg 220,ROPES_CHAINS,LTR,LTR,EXACT_DUPLICATE,0.96,AUTO_APPROVED,,385.13,55,226
SA-10302,SAIL_ST,SAIL_BHILAI,Industrial Gear Oil ISO VG 220,industrial gear oil iso vg 220,NMC-GEN-RPC-0002,Industrial Gear Oil Iso Vg 220,ROPES_CHAINS,LTR,LTR,EXACT_DUPLICATE,0.96,AUTO_APPROVED,,436.95,76,394
CI-10303,CIL_MN,CIL_SINGRAULI,Industrial Gear Oil ISO VG 220,industrial gear oil iso vg 220,NMC-GEN-RPC-0002,Industrial Gear Oil Iso Vg 220,ROPES_CHAINS,LTR,LTR,EXACT_DUPLICATE,0.96,AUTO_APPROVED,,382.5,75,231
BH-10304,BHEL_HE,BHEL_HYDERABAD,Industrial Gear Oil ISO VG 220,industrial gear oil iso vg 220,NMC-GEN-RPC-0002,Industrial Gear Oil Iso Vg 220,ROPES_CHAINS,LTR,LTR,EXACT_DUPLICATE,0.96,AUTO_APPROVED,,410.63,47,175
CP-10310,CPCL_OG,CPCL_MANALI,SPH ROLLER BRG Bearing 32212,spherical roller bearing bearing 32212,NMC-GEN-BRG-0004,Spherical 60x110x29 mm ISO 355,BEARINGS,NOS,EA,EXACT_DUPLICATE,0.96,AUTO_APPROVED,,4380.69,55,302
NT-10311,NTPC_PW,NTPC_SINGRAULI,Spherical Roller Brg Bearing 32212,spherical roller bearing bearing 32212,NMC-GEN-BRG-0004,Spherical 60x110x29 mm ISO 355,BEARINGS,NOS,EA,EXACT_DUPLICATE,0.96,AUTO_APPROVED,,4376.93,71,343
SA-10312,SAIL_ST,SAIL_BHILAI,ROLL NECK BEARING Bearing 32212,spherical roller bearing bearing 32212,NMC-GEN-BRG-0004,Spherical 60x110x29 mm ISO 355,BEARINGS,NOS,EA,EXACT_DUPLICATE,0.96,AUTO_APPROVED,,4471.62,64,144
CI-10313,CIL_MN,CIL_SINGRAULI,SRB Bearing 32212,spherical roller bearing bearing 32212,NMC-GEN-BRG-0004,Spherical 60x110x29 mm ISO 355,BEARINGS,NOS,EA,EXACT_DUPLICATE,0.96,AUTO_APPROVED,,4077.95,64,46
BH-10314,BHEL_HE,BHEL_HYDERABAD,SPHERICAL ROLLER BEARING Bearing 32212,spherical roller bearing bearing 32212,NMC-GEN-BRG-0004,Spherical 60x110x29 mm ISO 355,BEARINGS,NOS,EA,EXACT_DUPLICATE,0.96,AUTO_APPROVED,,4150.98,53,110
CP-10320,CPCL_OG,CPCL_MANALI,O-Ring 50 x 3.5 mm NBR,o-ring 50 x 3.5 mm nitrile rubber,NMC-GEN-GSK-0007,O-Ring Rubber ISO 3601,GASKETS_SEALS,NOS,NOS,EXACT_DUPLICATE,0.96,AUTO_APPROVED,,36.96,18,88
NT-10321,NTPC_PW,NTPC_SINGRAULI,O-Ring 50 x 3.5 mm NBR,o-ring 50 x 3.5 mm nitrile rubber,NMC-GEN-GSK-0007,O-Ring Rubber ISO 3601,GASKETS_SEALS,NOS,NOS,EXACT_DUPLICATE,0.96,AUTO_APPROVED,,35.35,52,39
SA-10322,SAIL_ST,SAIL_BHILAI,O-Ring 50 x 3.5 mm NBR,o-ring 50 x 3.5 mm nitrile rubber,NMC-GEN-GSK-0007,O-Ring Rubber ISO 3601,GASKETS_SEALS,NOS,NOS,EXACT_DUPLICATE,0.96,AUTO_APPROVED,,32.99,56,97
CI-10323,CIL_MN,CIL_SINGRAULI,O-Ring 50 x 3.5 mm NBR,o-ring 50 x 3.5 mm nitrile rubber,NMC-GEN-GSK-0007,O-Ring Rubber ISO 3601,GASKETS_SEALS,NOS,NOS,EXACT_DUPLICATE,0.96,AUTO_APPROVED,,37.1,25,24
BH-10324,BHEL_HE,BHEL_HYDERABAD,O-Ring 50 x 3.5 mm NBR,o-ring 50 x 3.5 mm nitrile rubber,NMC-GEN-GSK-0007,O-Ring Rubber ISO 3601,GASKETS_SEALS,NOS,NOS,EXACT_DUPLICATE,0.96,AUTO_APPROVED,,33.92,43,75
CP-30010,CPCL_OG,CPCL_MANALI,Refinery Catalyst Beads 3mm,refinery catalyst beads 3mm,NMC-GEN-BRG-0005,Refinery Catalyst Beads 3Mm,BEARINGS,KG,KG,UNIQUE_MATERIAL,0.88,APPROVED,,951.75,45,216
NT-30011,NTPC_PW,NTPC_SINGRAULI,Power Transformer 25MVA 33/11kV Dyn11,power transformer 25mva 33 11kv dyn11,NMC-GEN-TRF-0001,Power Transformer 25Mva 33 11Kv Dyn11,TRANSFORMERS,NOS,EA,UNIQUE_MATERIAL,0.88,APPROVED,,19949201.15,37,210
SA-30012,SAIL_ST,SAIL_BHILAI,Fireclay Refractory Brick 230x114x75mm,fireclay refractory brick 230x114x75mm,NMC-GEN-REF-0001,Fireclay 230x114x75 mm IS 8,REFRACTORIES,NOS,NOS,UNIQUE_MATERIAL,0.88,APPROVED,,92.75,55,156
CI-30013,CIL_MN,CIL_SINGRAULI,Tricone Rock Drill Bit 8.5in IADC 517,tricone rock drill bit 8.5in iadc code 517,NMC-GEN-DRL-0002,Tricone Rock Drill Bit 8.5In Iadc Code 517,DRILLING_MINING,NOS,NOS,UNIQUE_MATERIAL,0.88,APPROVED,,198002.53,62,40
BH-30014,BHEL_HE,BHEL_HYDERABAD,Helical Gearbox 22kW Ratio 20:1,helical gearbox 22kw ratio 20:1,NMC-GEN-PIP-0001,Helical Gearbox 22Kw Ratio 20:1,PIPE_FITTINGS,NOS,EA,UNIQUE_MATERIAL,0.88,APPROVED,,195142.51,8,27
CP-30020,CPCL_OG,CPCL_MANALI,API Drill Collar 6.5 inch,api drill collar 6.5 inch,NMC-GEN-DRL-0003,Api Drill Collar 6.5 Inch,DRILLING_MINING,MTR,MTR,UNIQUE_MATERIAL,0.88,APPROVED,,120045.0,10,54
NT-30021,NTPC_PW,NTPC_SINGRAULI,VCB 11kV 1250A,vacuum circuit breaker 11kv 1250a,NMC-GEN-SWG-0003,Vacuum Circuit Breaker 11Kv 1250A,SWITCHGEAR,NOS,EA,UNIQUE_MATERIAL,0.88,APPROVED,,748233.31,7,6
SA-30022,SAIL_ST,SAIL_BHILAI,Continuous Cast Square Billet 130x130mm,continuous cast square billet 130x130mm,NMC-GEN-STL-0001,Continuous Carbon Steel IS 2830,STRUCTURAL_STEEL,MT,MT,UNIQUE_MATERIAL,0.88,APPROVED,,61092.09,27,18
CI-30023,CIL_MN,CIL_SINGRAULI,Manganese Jaw Crusher Liner,manganese jaw crusher liner,NMC-GEN-LIN-0001,Manganese Jaw Crusher Liner,WEAR_PARTS,NOS,NOS,UNIQUE_MATERIAL,0.88,APPROVED,,170253.67,32,48
BH-30024,BHEL_HE,BHEL_HYDERABAD,Induction Motor 100HP 6P,induction motor 100hp 6p,NMC-GEN-MOT-0004,Induction Motor 100Hp 6P,MOTORS_DRIVES,NOS,EA,UNIQUE_MATERIAL,0.88,APPROVED,,226179.22,16,80
CP-30030,CPCL_OG,CPCL_MANALI,Explosion Proof Motor 11kW,explosion proof motor 11kw,NMC-GEN-SWG-0004,Explosion Proof Motor 11Kw,SWITCHGEAR,NOS,EA,UNIQUE_MATERIAL,0.88,APPROVED,,106878.43,61,161
NT-30031,NTPC_PW,NTPC_SINGRAULI,Polymeric Line Insulator 33kV,polymeric line insulator 33kv,NMC-GEN-SWG-0005,Polymeric Rubber IEC 61109,SWITCHGEAR,NOS,EA,UNIQUE_MATERIAL,0.88,APPROVED,,8993.35,23,40
CP-50040,CPCL_OG,CPCL_MANALI,Steel Wire Rope 6x36 IWRC 24mm,steel wire rope 6x36 independent wire rope core 24mm,NMC-GEN-RPC-0003,Steel Wire Rope 6X36 Independent Wire Rope Core 24Mm,ROPES_CHAINS,MTR,MTR,EXACT_DUPLICATE,0.96,AUTO_APPROVED,,631.02,19,89
CP-50050,CPCL_OG,CPCL_MANALI,Steel Wire Rope 6x36 IWRC 24mm,steel wire rope 6x36 independent wire rope core 24mm,NMC-GEN-RPC-0003,Steel Wire Rope 6X36 Independent Wire Rope Core 24Mm,ROPES_CHAINS,MTR,KM,EXACT_DUPLICATE,0.96,AUTO_APPROVED,,595024.16,7,24
SA-50042,SAIL_ST,SAIL_BHILAI,Steel Wire Rope 6x36 IWRC 24mm,steel wire rope 6x36 independent wire rope core 24mm,NMC-GEN-RPC-0003,Steel Wire Rope 6X36 Independent Wire Rope Core 24Mm,ROPES_CHAINS,MTR,MTR,EXACT_DUPLICATE,0.96,AUTO_APPROVED,,649.03,60,76
SA-50052,SAIL_ST,SAIL_BHILAI,Steel Wire Rope 6x36 IWRC 24mm,steel wire rope 6x36 independent wire rope core 24mm,NMC-GEN-RPC-0003,Steel Wire Rope 6X36 Independent Wire Rope Core 24Mm,ROPES_CHAINS,MTR,KM,EXACT_DUPLICATE,0.96,AUTO_APPROVED,,630091.66,78,49
BH-50044,BHEL_HE,BHEL_HYDERABAD,Steel Wire Rope 6x36 IWRC 24mm,steel wire rope 6x36 independent wire rope core 24mm,NMC-GEN-RPC-0003,Steel Wire Rope 6X36 Independent Wire Rope Core 24Mm,ROPES_CHAINS,MTR,MTR,EXACT_DUPLICATE,0.96,AUTO_APPROVED,,608.38,34,112
BH-50054,BHEL_HE,BHEL_HYDERABAD,Steel Wire Rope 6x36 IWRC 24mm,steel wire rope 6x36 independent wire rope core 24mm,NMC-GEN-RPC-0003,Steel Wire Rope 6X36 Independent Wire Rope Core 24Mm,ROPES_CHAINS,MTR,KM,EXACT_DUPLICATE,0.96,AUTO_APPROVED,,648122.74,62,65
CI-30033,CIL_MN,CIL_SINGRAULI,Steel Wire Rope 6x36 IWRC 24mm,steel wire rope 6x36 independent wire rope core 24mm,NMC-GEN-RPC-0003,Steel Wire Rope 6X36 Independent Wire Rope Core 24Mm,ROPES_CHAINS,MTR,MTR,EXACT_DUPLICATE,0.96,AUTO_APPROVED,,582.46,5,14
NT-50041,NTPC_PW,NTPC_SINGRAULI,Steel Wire Rope 6x36 IWRC 24mm,steel wire rope 6x36 independent wire rope core 24mm,NMC-GEN-RPC-0003,Steel Wire Rope 6X36 Independent Wire Rope Core 24Mm,ROPES_CHAINS,MTR,MTR,EXACT_DUPLICATE,0.96,AUTO_APPROVED,,630.84,62,43
NT-50051,NTPC_PW,NTPC_SINGRAULI,Steel Wire Rope 6x36 IWRC 24mm,steel wire rope 6x36 independent wire rope core 24mm,NMC-GEN-RPC-0003,Steel Wire Rope 6X36 Independent Wire Rope Core 24Mm,ROPES_CHAINS,MTR,KM,EXACT_DUPLICATE,0.96,AUTO_APPROVED,,627411.91,73,203
CI-50043,CIL_MN,CIL_SINGRAULI,Steel Wire Rope 6x36 IWRC 24mm,steel wire rope 6x36 independent wire rope core 24mm,NMC-GEN-RPC-0003,Steel Wire Rope 6X36 Independent Wire Rope Core 24Mm,ROPES_CHAINS,MTR,MTR,EXACT_DUPLICATE,0.96,AUTO_APPROVED,,602.74,80,62
CI-50053,CIL_MN,CIL_SINGRAULI,Steel Wire Rope 6x36 IWRC 24mm,steel wire rope 6x36 independent wire rope core 24mm,NMC-GEN-RPC-0003,Steel Wire Rope 6X36 Independent Wire Rope Core 24Mm,ROPES_CHAINS,MTR,KM,EXACT_DUPLICATE,0.96,AUTO_APPROVED,,634089.07,68,188
BH-30034,BHEL_HE,BHEL_HYDERABAD,Planetary Gearbox 250kW,planetary gearbox 250kw,NMC-GEN-GBX-0001,Planetary Gearbox 250Kw,GEARBOXES,NOS,EA,UNIQUE_MATERIAL,0.88,APPROVED,,1279554.26,50,228
CP-30040,CPCL_OG,CPCL_MANALI,Crude Oil Desalter Demister Pad,crude oil desalter demister pad,NMC-GEN-GSK-0008,Crude Oil Desalter Demister Pad,GASKETS_SEALS,NOS,EA,UNIQUE_MATERIAL,0.88,APPROVED,,157972.38,27,32
NT-30041,NTPC_PW,NTPC_SINGRAULI,Station Class Surge Arrester 33kV,station class surge arrester 33kv,NMC-GEN-TRF-0002,Station Class Surge Arrester 33Kv,TRANSFORMERS,NOS,EA,UNIQUE_MATERIAL,0.88,APPROVED,,43116.26,33,42
SA-30042,SAIL_ST,SAIL_BHILAI,Hadfield Steel Jaw Plate,hadfield steel jaw plate,NMC-GEN-LIN-0002,Hadfield Manganese Steel ASTM A128 MN,WEAR_PARTS,NOS,NOS,UNIQUE_MATERIAL,0.88,APPROVED,,193416.53,40,237
CI-30043,CIL_MN,CIL_SINGRAULI,EP Conveyor Belt 1200mm 5 Ply,polyester nylon ep conveyor belt 1200mm 5 ply,NMC-GEN-BLT-0002,Polyester Nylon Ep Conveyor Belt 1200Mm 5 Ply,CONVEYOR_BELTING,MTR,MTR,UNIQUE_MATERIAL,0.88,APPROVED,,2973.02,17,80
BH-30044,BHEL_HE,BHEL_HYDERABAD,High Tensile Bolt M24 Grade 10.9,high tensile bolt m24 grade 10.9,NMC-GEN-FST-0005,High Tensile Bolt M24 Grade 10.9,FASTENERS,NOS,NOS,UNIQUE_MATERIAL,0.88,APPROVED,,196.26,46,159
CP-30050,CPCL_OG,CPCL_MANALI,API 6D Trunnion Ball Valve 300NB CL600,api 6d trunnion ball valve 300nb class 600,NMC-GEN-VLV-0004,Api 300NB Class 600 Carbon Steel API 6D,VALVES_FLOW,NOS,NOS,UNIQUE_MATERIAL,0.88,APPROVED,,184464.99,49,59
NT-30051,NTPC_PW,NTPC_SINGRAULI,AAAC Conductor Moose,aaac conductor moose,NMC-GEN-CBL-0004,Aaac Aluminium IS 398,CABLES_CONDUCTORS,MTR,MTR,UNIQUE_MATERIAL,0.88,APPROVED,,788.64,45,25
SA-30052,SAIL_ST,SAIL_BHILAI,Basic Oxygen Furnace Tuyere,basic oxygen furnace tuyere,NMC-GEN-MOT-0005,Basic Oxygen Furnace Tuyere,MOTORS_DRIVES,NOS,EA,UNIQUE_MATERIAL,0.88,APPROVED,,337970.94,64,86
CI-30053,CIL_MN,CIL_SINGRAULI,DTH Hammer 6 inch,dth hammer 150nb (6inch),NMC-GEN-DRL-0004,Dth Hammer 150Nb (6Inch),DRILLING_MINING,NOS,NOS,UNIQUE_MATERIAL,0.88,APPROVED,,144714.96,48,259
BH-30054,BHEL_HE,BHEL_HYDERABAD,CNC Hydraulic Power Pack 15kW,cnc hydraulic power pack 15kw,NMC-GEN-GBX-0002,Cnc Hydraulic Power Pack 15Kw,GEARBOXES,NOS,EA,UNIQUE_MATERIAL,0.88,APPROVED,,298484.93,57,118
CP-30060,CPCL_OG,CPCL_MANALI,Spiral Wound Gasket 600NB CL300,spiral wound gasket 600nb class 300,NMC-GEN-GSK-0009,Spiral 600NB Class 300 Stainless Steel 316 ASME B16.20,GASKETS_SEALS,NOS,NOS,UNIQUE_MATERIAL,0.88,APPROVED,,19463.54,36,175
NT-30061,NTPC_PW,NTPC_SINGRAULI,Battery Charger 220V DC 100A,battery charger 220v dc 100a,NMC-GEN-SWG-0006,Battery Charger 220V Dc 100A,SWITCHGEAR,NOS,EA,UNIQUE_MATERIAL,0.88,APPROVED,,303660.62,70,282
SA-30062,SAIL_ST,SAIL_BHILAI,Hot Strip Mill Work Roll,hot strip mill work roll,NMC-GEN-STL-0002,Hot Strip Mill Work Roll,STRUCTURAL_STEEL,NOS,EA,UNIQUE_MATERIAL,0.88,APPROVED,,1856802.97,77,175
CI-30063,CIL_MN,CIL_SINGRAULI,Dragline Bucket Tooth,dragline bucket tooth,NMC-GEN-FST-0006,Dragline Bucket Tooth,FASTENERS,NOS,NOS,UNIQUE_MATERIAL,0.88,APPROVED,,41076.62,33,38
BH-30064,BHEL_HE,BHEL_HYDERABAD,Servo Motor 5kW 3000RPM,servo motor 5kw 3000rpm,NMC-GEN-MOT-0006,Servo Motor 5Kw 3000Rpm,MOTORS_DRIVES,NOS,EA,UNIQUE_MATERIAL,0.88,APPROVED,,160084.17,59,153
CP-30070,CPCL_OG,CPCL_MANALI,Refinery Steam Trap 25NB,refinery steam trap 25nb,NMC-GEN-VLV-0005,Refinery 25NB Carbon Steel API 612,VALVES_FLOW,NOS,NOS,UNIQUE_MATERIAL,0.88,APPROVED,,18464.0,74,349
NT-30071,NTPC_PW,NTPC_SINGRAULI,Boiler Feed Pump Impeller,boiler feed pump impeller,NMC-GEN-PMP-0001,Boiler Feed Pump Impeller,PUMPS_ROTATING,NOS,EA,UNIQUE_MATERIAL,0.88,APPROVED,,286075.33,45,29
CI-30073,CIL_MN,CIL_SINGRAULI,Mine Ventilation Fan 75kW,mine ventilation fan 75kw,NMC-GEN-MOT-0007,Mine Ventilation Fan 75Kw,MOTORS_DRIVES,NOS,EA,UNIQUE_MATERIAL,0.88,APPROVED,,387987.21,47,155
BH-30074,BHEL_HE,BHEL_HYDERABAD,Worm Gearbox 7.5kW Ratio 40:1,worm gearbox 7.5kw ratio 40:1,NMC-GEN-PIP-0002,Worm Gearbox 7.5Kw Ratio 40:1,PIPE_FITTINGS,NOS,EA,UNIQUE_MATERIAL,0.88,APPROVED,,66725.75,78,398
CP-30080,CPCL_OG,CPCL_MANALI,PSV 50NB CL300,psv 50nb class 300,NMC-GEN-VLV-0006,Psv 50NB Class 300 Carbon Steel API 526,VALVES_FLOW,NOS,NOS,UNIQUE_MATERIAL,0.88,APPROVED,,66862.0,73,41
NT-30081,NTPC_PW,NTPC_SINGRAULI,Generator Rotor Retaining Ring,generator rotor retaining ring,NMC-GEN-STL-0003,Generator Rotor Retaining Ring,STRUCTURAL_STEEL,NOS,EA,UNIQUE_MATERIAL,0.88,APPROVED,,1468839.71,26,34
SA-30082,SAIL_ST,SAIL_BHILAI,Graphite Electrode 600mm,graphite electrode 600nb (600mm),NMC-GEN-GSK-0010,Graphite 600NB Graphite,GASKETS_SEALS,NOS,NOS,UNIQUE_MATERIAL,0.88,APPROVED,,120430.51,54,277
CI-30083,CIL_MN,CIL_SINGRAULI,Hydraulic Rock Breaker 1.5T,hydraulic rock breaker 1.5t,NMC-GEN-DRL-0005,Hydraulic Rock Breaker 1.5T,DRILLING_MINING,NOS,EA,UNIQUE_MATERIAL,0.88,APPROVED,,494666.88,32,192
BH-30084,BHEL_HE,BHEL_HYDERABAD,Machine Tool Spindle Bearing Set,machine tool spindle bearing set,NMC-GEN-BRG-0006,Machine Tool Spindle Bearing Set,BEARINGS,SET,SET,UNIQUE_MATERIAL,0.88,APPROVED,,85484.22,64,261
CP-30090,CPCL_OG,CPCL_MANALI,API 602 Needle Valve 25NB CL800,api 602 needle valve 25nb class 800,NMC-GEN-VLV-0007,Api 25NB Class 800 API 602,VALVES_FLOW,NOS,NOS,UNIQUE_MATERIAL,0.88,APPROVED,,23380.01,13,43
NT-30091,NTPC_PW,NTPC_SINGRAULI,11kV XLPE Cable Termination Kit 3C x 400,11kv cross-linked polyethylene cable termination kit 3c x 400,NMC-GEN-CBL-0005,11Kv Cross-Linked Polyethylene Cable Termination Kit 3C X 400,CABLES_CONDUCTORS,SET,SET,UNIQUE_MATERIAL,0.88,APPROVED,,36955.66,33,94
SA-30092,SAIL_ST,SAIL_BHILAI,Refractory Castable High Alumina 70%,refractory castable high alumina 70%,NMC-GEN-REF-0002,Refractory Castable High Alumina 70%,REFRACTORIES,KG,KG,UNIQUE_MATERIAL,0.88,APPROVED,,150.73,49,266
CI-30093,CIL_MN,CIL_SINGRAULI,Crusher Mantle 1100mm,crusher mantle 1100mm,NMC-GEN-LIN-0003,Crusher Mantle 1100Mm,WEAR_PARTS,NOS,NOS,UNIQUE_MATERIAL,0.88,APPROVED,,229415.65,46,131
BH-30094,BHEL_HE,BHEL_HYDERABAD,AC Drive 75kW 415V,ac drive 75kw 415v,NMC-GEN-MOT-0008,Ac Drive 75Kw 415V,MOTORS_DRIVES,NOS,EA,UNIQUE_MATERIAL,0.88,APPROVED,,203387.83,72,205
CP-30100,CPCL_OG,CPCL_MANALI,Flame Arrestor 150NB,flame arrestor 150nb,NMC-GEN-GSK-0011,Flame 150NB Stainless Steel 316,GASKETS_SEALS,NOS,NOS,UNIQUE_MATERIAL,0.88,APPROVED,,57032.9,60,168
NT-30101,NTPC_PW,NTPC_SINGRAULI,Power Transformer Breather 1kg Silica Gel,power transformer breather 1kg silica gel,NMC-GEN-TRF-0003,Power Transformer Breather 1Kg Silica Gel,TRANSFORMERS,NOS,EA,UNIQUE_MATERIAL,0.88,APPROVED,,4095.81,31,45
SA-30102,SAIL_ST,SAIL_BHILAI,Hydraulic Cylinder 250mm Bore,hydraulic cylinder 250nb (250mm) bore,NMC-GEN-VLV-0008,Hydraulic Cylinder 250Nb (250Mm) Bore,VALVES_FLOW,NOS,EA,UNIQUE_MATERIAL,0.88,APPROVED,,299201.89,42,51
CI-30103,CIL_MN,CIL_SINGRAULI,Mining Shovel Hoist Rope 32mm,mining shovel hoist rope 32nb (32mm),NMC-GEN-RPC-0004,Mining 32NB IS 2266,ROPES_CHAINS,MTR,MTR,UNIQUE_MATERIAL,0.88,APPROVED,,864.05,25,61
BH-30104,BHEL_HE,BHEL_HYDERABAD,Brake Motor 22kW 4P,brake motor 22kw 4p,NMC-GEN-MOT-0009,Brake Motor 22Kw 4P,MOTORS_DRIVES,NOS,EA,UNIQUE_MATERIAL,0.88,APPROVED,,119868.65,63,172
CP-30110,CPCL_OG,CPCL_MANALI,Refinery Pump Casing 100x80,refinery pump casing 100x80,NMC-GEN-PMP-0002,Refinery Carbon Steel ASTM A216 WCB,PUMPS_ROTATING,NOS,EA,UNIQUE_MATERIAL,0.88,APPROVED,,173320.17,69,339
NT-30111,NTPC_PW,NTPC_SINGRAULI,CT 33kV 200/1A Class 0.2S,ct 33kv 200 1a class 0.2s,NMC-GEN-CBL-0006,Ct 33Kv 200 1A Class 0.2S,CABLES_CONDUCTORS,NOS,EA,UNIQUE_MATERIAL,0.88,APPROVED,,27671.78,14,31
SA-30112,SAIL_ST,SAIL_BHILAI,Pinch Roll Assembly 450mm,pinch roll assembly 450nb (450mm),NMC-GEN-STL-0004,Pinch Roll Assembly 450Nb (450Mm),STRUCTURAL_STEEL,NOS,EA,UNIQUE_MATERIAL,0.88,APPROVED,,472062.32,48,115
CI-30113,CIL_MN,CIL_SINGRAULI,Hydraulic Cylinder 300mm Bore Mining,hydraulic cylinder 300nb (300mm) bore mining,NMC-GEN-DRL-0006,Hydraulic Cylinder 300Nb (300Mm) Bore Mining,DRILLING_MINING,NOS,EA,UNIQUE_MATERIAL,0.88,APPROVED,,375147.14,70,99
BH-30114,BHEL_HE,BHEL_HYDERABAD,Precision Linear Guide 35mm,precision linear guide 35mm,NMC-GEN-RPC-0005,Precision Linear Guide 35Mm,ROPES_CHAINS,SET,SET,UNIQUE_MATERIAL,0.88,APPROVED,,65917.57,8,40
CP-30120,CPCL_OG,CPCL_MANALI,Gas Compressor Valve Plate,gas compressor valve plate,NMC-GEN-VLV-0009,Gas Compressor Valve Plate,VALVES_FLOW,NOS,EA,UNIQUE_MATERIAL,0.88,APPROVED,,70026.09,18,90
NT-30121,NTPC_PW,NTPC_SINGRAULI,Numerical Relay Feeder Protection,numerical relay feeder protection,NMC-GEN-TRF-0004,Numerical Relay Feeder Protection,TRANSFORMERS,NOS,EA,UNIQUE_MATERIAL,0.88,APPROVED,,177593.3,64,84
SA-30122,SAIL_ST,SAIL_BHILAI,Sinter Plant Burner Nozzle,sinter plant burner nozzle,NMC-GEN-GSK-0012,Sinter Plant Burner Nozzle,GASKETS_SEALS,NOS,EA,UNIQUE_MATERIAL,0.88,APPROVED,,19926.16,75,182
CI-30123,CIL_MN,CIL_SINGRAULI,Dust Suppression Spray Nozzle,dust suppression spray nozzle,NMC-GEN-PIP-0003,Dust 25NB Stainless Steel 316,PIPE_FITTINGS,NOS,NOS,UNIQUE_MATERIAL,0.88,APPROVED,,3214.37,58,203
BH-30124,BHEL_HE,BHEL_HYDERABAD,Hydraulic Cylinder 160mm Bore,hydraulic cylinder 160mm bore,NMC-GEN-DRL-0007,Hydraulic Cylinder 160Mm Bore,DRILLING_MINING,NOS,EA,UNIQUE_MATERIAL,0.88,APPROVED,,138211.89,8,21
CP-30130,CPCL_OG,CPCL_MANALI,Refinery Catalyst Beads 3mm Variant 01,refinery catalyst beads 3mm variant 01,NMC-GEN-BRG-0007,Refinery Catalyst Beads 3Mm Variant 01,BEARINGS,KG,KG,UNIQUE_MATERIAL,0.88,APPROVED,,1069.55,63,89
NT-30131,NTPC_PW,NTPC_SINGRAULI,Power Transformer 25MVA 33/11kV Dyn11 Variant 01,power transformer 25mva 33 11kv dyn11 variant 01,NMC-GEN-TRF-0005,Power Transformer 25Mva 33 11Kv Dyn11 Variant 01,TRANSFORMERS,NOS,EA,UNIQUE_MATERIAL,0.88,APPROVED,,21207789.48,53,277
SA-30132,SAIL_ST,SAIL_BHILAI,Fireclay Refractory Brick 230x114x75mm Variant 01,fireclay refractory brick 230x114x75mm variant 01,NMC-GEN-REF-0003,Fireclay 230x114x75 mm IS 8,REFRACTORIES,NOS,NOS,UNIQUE_MATERIAL,0.88,APPROVED,,83.23,8,14
CI-30133,CIL_MN,CIL_SINGRAULI,Tricone Rock Drill Bit 8.5in IADC 517 Variant 01,tricone rock drill bit 8.5in iadc code 517 variant 01,NMC-GEN-DRL-0008,Tricone Rock Drill Bit 8.5In Iadc Code 517 Variant 01,DRILLING_MINING,NOS,NOS,UNIQUE_MATERIAL,0.88,APPROVED,,195748.03,74,192
BH-30134,BHEL_HE,BHEL_HYDERABAD,Helical Gearbox 22kW Ratio 20:1 Variant 01,helical gearbox 22kw ratio 20:1 variant 01,NMC-GEN-PIP-0004,Helical Gearbox 22Kw Ratio 20:1 Variant 01,PIPE_FITTINGS,NOS,EA,UNIQUE_MATERIAL,0.88,APPROVED,,175585.07,33,46
CP-30140,CPCL_OG,CPCL_MANALI,API Drill Collar 6.5 inch Variant 02,api drill collar 6.5 inch variant 02,NMC-GEN-DRL-0009,Api Drill Collar 6.5 Inch Variant 02,DRILLING_MINING,MTR,MTR,UNIQUE_MATERIAL,0.88,APPROVED,,113015.51,55,142
NT-30141,NTPC_PW,NTPC_SINGRAULI,VCB 11kV 1250A Variant 02,vacuum circuit breaker 11kv 1250a variant 02,NMC-GEN-SWG-0007,Vacuum Circuit Breaker 11Kv 1250A Variant 02,SWITCHGEAR,NOS,EA,UNIQUE_MATERIAL,0.88,APPROVED,,760359.36,50,255
SA-30142,SAIL_ST,SAIL_BHILAI,Continuous Cast Square Billet 130x130mm Variant 02,continuous cast square billet 130x130mm variant 02,NMC-GEN-STL-0005,Continuous Carbon Steel IS 2830,STRUCTURAL_STEEL,MT,MT,UNIQUE_MATERIAL,0.88,APPROVED,,54063.72,40,240
CI-30143,CIL_MN,CIL_SINGRAULI,Manganese Jaw Crusher Liner Variant 02,manganese jaw crusher liner variant 02,NMC-GEN-LIN-0004,Manganese Jaw Crusher Liner Variant 02,WEAR_PARTS,NOS,NOS,UNIQUE_MATERIAL,0.88,APPROVED,,174966.97,56,184
BH-30144,BHEL_HE,BHEL_HYDERABAD,Induction Motor 100HP 6P Variant 02,induction motor 100hp 6p variant 02,NMC-GEN-MOT-0010,Induction Motor 100Hp 6P Variant 02,MOTORS_DRIVES,NOS,EA,UNIQUE_MATERIAL,0.88,APPROVED,,216931.15,9,44
CP-30150,CPCL_OG,CPCL_MANALI,Explosion Proof Motor 11kW Variant 03,explosion proof motor 11kw variant 03,NMC-GEN-SWG-0008,Explosion Proof Motor 11Kw Variant 03,SWITCHGEAR,NOS,EA,UNIQUE_MATERIAL,0.88,APPROVED,,101313.87,14,33
NT-30151,NTPC_PW,NTPC_SINGRAULI,Polymeric Line Insulator 33kV Variant 03,polymeric line insulator 33kv variant 03,NMC-GEN-SWG-0009,Polymeric Rubber IEC 61109,SWITCHGEAR,NOS,EA,UNIQUE_MATERIAL,0.88,APPROVED,,8440.53,35,186
SA-30152,SAIL_ST,SAIL_BHILAI,Mill Roll Neck Bearing 500mm Bore Variant 03,mill spherical roller bearing 500nb (500mm) bore variant 03,NMC-GEN-BRG-0008,Mill Spherical Roller Bearing 500Nb (500Mm) Bore Variant 03,BEARINGS,NOS,EA,UNIQUE_MATERIAL,0.88,APPROVED,,423685.98,32,60
CI-30153,CIL_MN,CIL_SINGRAULI,Steel Wire Rope 6x36 IWRC 24mm Variant 03,steel wire rope 6x36 independent wire rope core 24mm variant 03,NMC-GEN-RPC-0006,Steel Wire Rope 6X36 Independent Wire Rope Core 24Mm Variant 03,ROPES_CHAINS,MTR,MTR,UNIQUE_MATERIAL,0.88,APPROVED,,640.64,22,11
BH-30154,BHEL_HE,BHEL_HYDERABAD,Planetary Gearbox 250kW Variant 03,planetary gearbox 250kw variant 03,NMC-GEN-GBX-0003,Planetary Gearbox 250Kw Variant 03,GEARBOXES,NOS,EA,UNIQUE_MATERIAL,0.88,APPROVED,,1267128.15,78,279
CP-30160,CPCL_OG,CPCL_MANALI,Crude Oil Desalter Demister Pad Variant 04,crude oil desalter demister pad variant 04,NMC-GEN-GSK-0013,Crude Oil Desalter Demister Pad Variant 04,GASKETS_SEALS,NOS,EA,UNIQUE_MATERIAL,0.88,APPROVED,,131635.19,31,88
NT-30161,NTPC_PW,NTPC_SINGRAULI,Station Class Surge Arrester 33kV Variant 04,station class surge arrester 33kv variant 04,NMC-GEN-TRF-0006,Station Class Surge Arrester 33Kv Variant 04,TRANSFORMERS,NOS,EA,UNIQUE_MATERIAL,0.88,APPROVED,,40347.72,60,66
SA-30162,SAIL_ST,SAIL_BHILAI,Hadfield Steel Jaw Plate Variant 04,hadfield steel jaw plate variant 04,NMC-GEN-LIN-0005,Hadfield Manganese Steel ASTM A128 MN,WEAR_PARTS,NOS,NOS,UNIQUE_MATERIAL,0.88,APPROVED,,183329.83,35,177
CI-30163,CIL_MN,CIL_SINGRAULI,EP Conveyor Belt 1200mm 5 Ply Variant 04,polyester nylon ep conveyor belt 1200mm 5 ply variant 04,NMC-GEN-BLT-0003,Polyester Nylon Ep Conveyor Belt 1200Mm 5 Ply Variant 04,CONVEYOR_BELTING,MTR,MTR,UNIQUE_MATERIAL,0.88,APPROVED,,3054.15,27,121
BH-30164,BHEL_HE,BHEL_HYDERABAD,High Tensile Bolt M24 Grade 10.9 Variant 04,high tensile bolt m24 grade 10.9 variant 04,NMC-GEN-FST-0007,High Tensile Bolt M24 Grade 10.9 Variant 04,FASTENERS,NOS,NOS,UNIQUE_MATERIAL,0.88,APPROVED,,190.63,30,180
CP-30170,CPCL_OG,CPCL_MANALI,API 6D Trunnion Ball Valve 300NB CL600 Variant 05,api 6d trunnion ball valve 300nb class 600 variant 05,NMC-GEN-VLV-0010,Api 300NB Class 600 Carbon Steel API 6D,VALVES_FLOW,NOS,NOS,UNIQUE_MATERIAL,0.88,APPROVED,,185102.29,36,54
NT-30171,NTPC_PW,NTPC_SINGRAULI,AAAC Conductor Moose Variant 05,aaac conductor moose variant 05,NMC-GEN-CBL-0007,Aaac Aluminium IS 398,CABLES_CONDUCTORS,MTR,MTR,UNIQUE_MATERIAL,0.88,APPROVED,,807.47,23,89
SA-30172,SAIL_ST,SAIL_BHILAI,Basic Oxygen Furnace Tuyere Variant 05,basic oxygen furnace tuyere variant 05,NMC-GEN-MOT-0011,Basic Oxygen Furnace Tuyere Variant 05,MOTORS_DRIVES,NOS,EA,UNIQUE_MATERIAL,0.88,APPROVED,,290910.11,74,184
CI-30173,CIL_MN,CIL_SINGRAULI,DTH Hammer 6 inch Variant 05,dth hammer 150nb (6inch) variant 05,NMC-GEN-DRL-0010,Dth Hammer 150Nb (6Inch) Variant 05,DRILLING_MINING,NOS,NOS,UNIQUE_MATERIAL,0.88,APPROVED,,156781.79,61,185
BH-30174,BHEL_HE,BHEL_HYDERABAD,CNC Hydraulic Power Pack 15kW Variant 05,cnc hydraulic power pack 15kw variant 05,NMC-GEN-GBX-0004,Cnc Hydraulic Power Pack 15Kw Variant 05,GEARBOXES,NOS,EA,UNIQUE_MATERIAL,0.88,APPROVED,,290899.13,36,146
CP-30180,CPCL_OG,CPCL_MANALI,Spiral Wound Gasket 600NB CL300 Variant 06,spiral wound gasket 600nb class 300 variant 06,NMC-GEN-GSK-0014,Spiral 600NB Class 300 Stainless Steel 316 ASME B16.20,GASKETS_SEALS,NOS,NOS,UNIQUE_MATERIAL,0.88,APPROVED,,19616.18,58,70
NT-30181,NTPC_PW,NTPC_SINGRAULI,Battery Charger 220V DC 100A Variant 06,battery charger 220v dc 100a variant 06,NMC-GEN-SWG-0010,Battery Charger 220V Dc 100A Variant 06,SWITCHGEAR,NOS,EA,UNIQUE_MATERIAL,0.88,APPROVED,,281393.35,57,193
SA-30182,SAIL_ST,SAIL_BHILAI,Hot Strip Mill Work Roll Variant 06,hot strip mill work roll variant 06,NMC-GEN-STL-0006,Hot Strip Mill Work Roll Variant 06,STRUCTURAL_STEEL,NOS,EA,UNIQUE_MATERIAL,0.88,APPROVED,,1780994.54,5,7
CI-30183,CIL_MN,CIL_SINGRAULI,Dragline Bucket Tooth Variant 06,dragline bucket tooth variant 06,NMC-GEN-FST-0008,Dragline Bucket Tooth Variant 06,FASTENERS,NOS,NOS,UNIQUE_MATERIAL,0.88,APPROVED,,43044.82,75,337
BH-30184,BHEL_HE,BHEL_HYDERABAD,Servo Motor 5kW 3000RPM Variant 06,servo motor 5kw 3000rpm variant 06,NMC-GEN-GBX-0005,Servo Motor 5Kw 3000Rpm Variant 06,GEARBOXES,NOS,EA,UNIQUE_MATERIAL,0.88,APPROVED,,167910.42,36,165
CP-30190,CPCL_OG,CPCL_MANALI,Refinery Steam Trap 25NB Variant 07,refinery steam trap 25nb variant 07,NMC-GEN-VLV-0011,Refinery 25NB Carbon Steel API 612,VALVES_FLOW,NOS,NOS,UNIQUE_MATERIAL,0.88,APPROVED,,17754.04,24,132
NT-30191,NTPC_PW,NTPC_SINGRAULI,Boiler Feed Pump Impeller Variant 07,boiler feed pump impeller variant 07,NMC-GEN-PMP-0003,Boiler Feed Pump Impeller Variant 07,PUMPS_ROTATING,NOS,EA,UNIQUE_MATERIAL,0.88,APPROVED,,251449.4,58,171
SA-30192,SAIL_ST,SAIL_BHILAI,Continuous Annealing Furnace Roller Variant 07,continuous annealing furnace roller variant 07,NMC-GEN-BRG-0009,Continuous Annealing Furnace Roller Variant 07,BEARINGS,NOS,EA,UNIQUE_MATERIAL,0.88,APPROVED,,366112.38,76,261
CI-30193,CIL_MN,CIL_SINGRAULI,Mine Ventilation Fan 75kW Variant 07,mine ventilation fan 75kw variant 07,NMC-GEN-MOT-0012,Mine Ventilation Fan 75Kw Variant 07,MOTORS_DRIVES,NOS,EA,UNIQUE_MATERIAL,0.88,APPROVED,,372296.86,64,78
BH-30194,BHEL_HE,BHEL_HYDERABAD,Worm Gearbox 7.5kW Ratio 40:1 Variant 07,worm gearbox 7.5kw ratio 40:1 variant 07,NMC-GEN-PIP-0005,Worm Gearbox 7.5Kw Ratio 40:1 Variant 07,PIPE_FITTINGS,NOS,EA,UNIQUE_MATERIAL,0.88,APPROVED,,76470.1,54,197
CP-30200,CPCL_OG,CPCL_MANALI,PSV 50NB CL300 Variant 08,psv 50nb class 300 variant 08,NMC-GEN-VLV-0012,Psv 50NB Class 300 Carbon Steel API 526,VALVES_FLOW,NOS,NOS,UNIQUE_MATERIAL,0.88,APPROVED,,54613.17,15,27
NT-30201,NTPC_PW,NTPC_SINGRAULI,Generator Rotor Retaining Ring Variant 08,generator rotor retaining ring variant 08,NMC-GEN-STL-0007,Generator Rotor Retaining Ring Variant 08,STRUCTURAL_STEEL,NOS,EA,UNIQUE_MATERIAL,0.88,APPROVED,,1282632.08,65,179
SA-30202,SAIL_ST,SAIL_BHILAI,Graphite Electrode 600mm Variant 08,graphite electrode 600nb (600mm) variant 08,NMC-GEN-GSK-0015,Graphite 600NB Graphite,GASKETS_SEALS,NOS,NOS,UNIQUE_MATERIAL,0.88,APPROVED,,122985.8,53,307
CI-30203,CIL_MN,CIL_SINGRAULI,Hydraulic Rock Breaker 1.5T Variant 08,hydraulic rock breaker 1.5t variant 08,NMC-GEN-DRL-0011,Hydraulic Rock Breaker 1.5T Variant 08,DRILLING_MINING,NOS,EA,UNIQUE_MATERIAL,0.88,APPROVED,,398937.45,13,46
BH-30204,BHEL_HE,BHEL_HYDERABAD,Machine Tool Spindle Bearing Set Variant 08,machine tool spindle bearing set variant 08,NMC-GEN-BRG-0010,Machine Tool Spindle Bearing Set Variant 08,BEARINGS,SET,SET,UNIQUE_MATERIAL,0.88,APPROVED,,82249.32,16,59
CP-30210,CPCL_OG,CPCL_MANALI,API 602 Needle Valve 25NB CL800 Variant 09,api 602 needle valve 25nb class 800 variant 09,NMC-GEN-VLV-0013,Api 25NB Class 800 API 602,VALVES_FLOW,NOS,NOS,UNIQUE_MATERIAL,0.88,APPROVED,,23221.6,2,19
NT-30211,NTPC_PW,NTPC_SINGRAULI,11kV XLPE Cable Termination Kit 3C x 400 Variant 09,11kv cross-linked polyethylene cable termination kit 3c x 400 variant 09,NMC-GEN-CBL-0008,11Kv Cross-Linked Polyethylene Cable Termination Kit 3C X 400 Variant 09,CABLES_CONDUCTORS,SET,SET,UNIQUE_MATERIAL,0.88,APPROVED,,41476.63,26,145
SA-30212,SAIL_ST,SAIL_BHILAI,Refractory Castable High Alumina 70% Variant 09,refractory castable high alumina 70% variant 09,NMC-GEN-REF-0004,Refractory Castable High Alumina 70% Variant 09,REFRACTORIES,KG,KG,UNIQUE_MATERIAL,0.88,APPROVED,,147.49,65,352
CI-30213,CIL_MN,CIL_SINGRAULI,Crusher Mantle 1100mm Variant 09,crusher mantle 1100mm variant 09,NMC-GEN-LIN-0006,Crusher Mantle 1100Mm Variant 09,WEAR_PARTS,NOS,NOS,UNIQUE_MATERIAL,0.88,APPROVED,,214941.43,8,18
BH-30214,BHEL_HE,BHEL_HYDERABAD,AC Drive 75kW 415V Variant 09,ac drive 75kw 415v variant 09,NMC-GEN-MOT-0013,Ac Drive 75Kw 415V Variant 09,MOTORS_DRIVES,NOS,EA,UNIQUE_MATERIAL,0.88,APPROVED,,161509.31,18,45
CP-30220,CPCL_OG,CPCL_MANALI,Flame Arrestor 150NB Variant 10,flame arrestor 150nb variant 10,NMC-GEN-GSK-0016,Flame 150NB Stainless Steel 316,GASKETS_SEALS,NOS,NOS,UNIQUE_MATERIAL,0.88,APPROVED,,51396.17,64,94
NT-30221,NTPC_PW,NTPC_SINGRAULI,Power Transformer Breather 1kg Silica Gel Variant 10,power transformer breather 1kg silica gel variant 10,NMC-GEN-TRF-0007,Power Transformer Breather 1Kg Silica Gel Variant 10,TRANSFORMERS,NOS,EA,UNIQUE_MATERIAL,0.88,APPROVED,,3982.56,79,448
SA-30222,SAIL_ST,SAIL_BHILAI,Hydraulic Cylinder 250mm Bore Variant 10,hydraulic cylinder 250nb (250mm) bore variant 10,NMC-GEN-VLV-0014,Hydraulic Cylinder 250Nb (250Mm) Bore Variant 10,VALVES_FLOW,NOS,EA,UNIQUE_MATERIAL,0.88,APPROVED,,265571.88,22,50
CI-30223,CIL_MN,CIL_SINGRAULI,Mining Shovel Hoist Rope 32mm Variant 10,mining shovel hoist rope 32nb (32mm) variant 10,NMC-GEN-RPC-0007,Mining 32NB IS 2266,ROPES_CHAINS,MTR,MTR,UNIQUE_MATERIAL,0.88,APPROVED,,789.12,72,244
BH-30224,BHEL_HE,BHEL_HYDERABAD,Brake Motor 22kW 4P Variant 10,brake motor 22kw 4p variant 10,NMC-GEN-MOT-0014,Brake Motor 22Kw 4P Variant 10,MOTORS_DRIVES,NOS,EA,UNIQUE_MATERIAL,0.88,APPROVED,,104369.67,16,67
CP-30230,CPCL_OG,CPCL_MANALI,Refinery Pump Casing 100x80 Variant 11,refinery pump casing 100x80 variant 11,NMC-GEN-PMP-0004,Refinery Carbon Steel ASTM A216 WCB,PUMPS_ROTATING,NOS,EA,UNIQUE_MATERIAL,0.88,APPROVED,,167777.74,21,73
NT-30231,NTPC_PW,NTPC_SINGRAULI,CT 33kV 200/1A Class 0.2S Variant 11,ct 33kv 200 1a class 0.2s variant 11,NMC-GEN-CBL-0009,Ct 33Kv 200 1A Class 0.2S Variant 11,CABLES_CONDUCTORS,NOS,EA,UNIQUE_MATERIAL,0.88,APPROVED,,33289.88,39,149
SA-30232,SAIL_ST,SAIL_BHILAI,Pinch Roll Assembly 450mm Variant 11,pinch roll assembly 450nb (450mm) variant 11,NMC-GEN-STL-0008,Pinch Roll Assembly 450Nb (450Mm) Variant 11,STRUCTURAL_STEEL,NOS,EA,UNIQUE_MATERIAL,0.88,APPROVED,,491961.67,55,274
CI-30233,CIL_MN,CIL_SINGRAULI,Hydraulic Cylinder 300mm Bore Mining Variant 11,hydraulic cylinder 300nb (300mm) bore mining variant 11,NMC-GEN-DRL-0012,Hydraulic Cylinder 300Nb (300Mm) Bore Mining Variant 11,DRILLING_MINING,NOS,EA,UNIQUE_MATERIAL,0.88,APPROVED,,392850.21,33,132
BH-30234,BHEL_HE,BHEL_HYDERABAD,Precision Linear Guide 35mm Variant 11,precision linear guide 35mm variant 11,NMC-GEN-STL-0009,Precision Linear Guide 35Mm Variant 11,STRUCTURAL_STEEL,SET,SET,UNIQUE_MATERIAL,0.88,APPROVED,,62814.46,51,122
CP-30240,CPCL_OG,CPCL_MANALI,Gas Compressor Valve Plate Variant 12,gas compressor valve plate variant 12,NMC-GEN-VLV-0015,Gas Compressor Valve Plate Variant 12,VALVES_FLOW,NOS,EA,UNIQUE_MATERIAL,0.88,APPROVED,,78287.9,67,102
NT-30241,NTPC_PW,NTPC_SINGRAULI,Numerical Relay Feeder Protection Variant 12,numerical relay feeder protection variant 12,NMC-GEN-TRF-0008,Numerical Relay Feeder Protection Variant 12,TRANSFORMERS,NOS,EA,UNIQUE_MATERIAL,0.88,APPROVED,,187246.06,37,215
SA-30242,SAIL_ST,SAIL_BHILAI,Sinter Plant Burner Nozzle Variant 12,sinter plant burner nozzle variant 12,NMC-GEN-GSK-0017,Sinter Plant Burner Nozzle Variant 12,GASKETS_SEALS,NOS,EA,UNIQUE_MATERIAL,0.88,APPROVED,,18280.7,55,201
CI-30243,CIL_MN,CIL_SINGRAULI,Dust Suppression Spray Nozzle Variant 12,dust suppression spray nozzle variant 12,NMC-GEN-PIP-0006,Dust 25NB Stainless Steel 316,PIPE_FITTINGS,NOS,NOS,UNIQUE_MATERIAL,0.88,APPROVED,,3852.27,66,169
BH-30244,BHEL_HE,BHEL_HYDERABAD,Hydraulic Cylinder 160mm Bore Variant 12,hydraulic cylinder 160mm bore variant 12,NMC-GEN-STL-0010,Hydraulic Cylinder 160Mm Bore Variant 12,STRUCTURAL_STEEL,NOS,EA,UNIQUE_MATERIAL,0.88,APPROVED,,159551.71,38,204
CP-30250,CPCL_OG,CPCL_MANALI,Refinery Catalyst Beads 3mm Variant 13,refinery catalyst beads 3mm variant 13,NMC-GEN-BRG-0011,Refinery Catalyst Beads 3Mm Variant 13,BEARINGS,KG,KG,UNIQUE_MATERIAL,0.88,APPROVED,,819.94,77,334
NT-30251,NTPC_PW,NTPC_SINGRAULI,Power Transformer 25MVA 33/11kV Dyn11 Variant 13,power transformer 25mva 33 11kv dyn11 variant 13,NMC-GEN-TRF-0009,Power Transformer 25Mva 33 11Kv Dyn11 Variant 13,TRANSFORMERS,NOS,EA,UNIQUE_MATERIAL,0.88,APPROVED,,20523250.99,64,108
SA-30252,SAIL_ST,SAIL_BHILAI,Fireclay Refractory Brick 230x114x75mm Variant 13,fireclay refractory brick 230x114x75mm variant 13,NMC-GEN-REF-0005,Fireclay 230x114x75 mm IS 8,REFRACTORIES,NOS,NOS,UNIQUE_MATERIAL,0.88,APPROVED,,80.28,63,207
CI-30253,CIL_MN,CIL_SINGRAULI,Tricone Rock Drill Bit 8.5in IADC 517 Variant 13,tricone rock drill bit 8.5in iadc code 517 variant 13,NMC-GEN-DRL-0013,Tricone Rock Drill Bit 8.5In Iadc Code 517 Variant 13,DRILLING_MINING,NOS,NOS,UNIQUE_MATERIAL,0.88,APPROVED,,197644.07,71,228
BH-30254,BHEL_HE,BHEL_HYDERABAD,Helical Gearbox 22kW Ratio 20:1 Variant 13,helical gearbox 22kw ratio 20:1 variant 13,NMC-GEN-PIP-0007,Helical Gearbox 22Kw Ratio 20:1 Variant 13,PIPE_FITTINGS,NOS,EA,UNIQUE_MATERIAL,0.88,APPROVED,,198356.74,43,243
CP-30260,CPCL_OG,CPCL_MANALI,API Drill Collar 6.5 inch Variant 14,api drill collar 6.5 inch variant 14,NMC-GEN-DRL-0014,Api Drill Collar 6.5 Inch Variant 14,DRILLING_MINING,MTR,MTR,UNIQUE_MATERIAL,0.88,APPROVED,,110625.8,32,162
NT-30261,NTPC_PW,NTPC_SINGRAULI,VCB 11kV 1250A Variant 14,vacuum circuit breaker 11kv 1250a variant 14,NMC-GEN-SWG-0011,Vacuum Circuit Breaker 11Kv 1250A Variant 14,SWITCHGEAR,NOS,EA,UNIQUE_MATERIAL,0.88,APPROVED,,754339.88,54,49
SA-30262,SAIL_ST,SAIL_BHILAI,Continuous Cast Square Billet 130x130mm Variant 14,continuous cast square billet 130x130mm variant 14,NMC-GEN-STL-0011,Continuous Carbon Steel IS 2830,STRUCTURAL_STEEL,MT,MT,UNIQUE_MATERIAL,0.88,APPROVED,,60462.47,62,226
CI-30263,CIL_MN,CIL_SINGRAULI,Manganese Jaw Crusher Liner Variant 14,manganese jaw crusher liner variant 14,NMC-GEN-LIN-0007,Manganese Jaw Crusher Liner Variant 14,WEAR_PARTS,NOS,NOS,UNIQUE_MATERIAL,0.88,APPROVED,,156004.88,21,73
BH-30264,BHEL_HE,BHEL_HYDERABAD,Induction Motor 100HP 6P Variant 14,induction motor 100hp 6p variant 14,NMC-GEN-MOT-0015,Induction Motor 100Hp 6P Variant 14,MOTORS_DRIVES,NOS,EA,UNIQUE_MATERIAL,0.88,APPROVED,,241478.31,18,73
CP-30270,CPCL_OG,CPCL_MANALI,Explosion Proof Motor 11kW Variant 15,explosion proof motor 11kw variant 15,NMC-GEN-MOT-0016,Explosion Proof Motor 11Kw Variant 15,MOTORS_DRIVES,NOS,EA,UNIQUE_MATERIAL,0.88,APPROVED,,111044.66,44,244
NT-30271,NTPC_PW,NTPC_SINGRAULI,Polymeric Line Insulator 33kV Variant 15,polymeric line insulator 33kv variant 15,NMC-GEN-SWG-0012,Polymeric Rubber IEC 61109,SWITCHGEAR,NOS,EA,UNIQUE_MATERIAL,0.88,APPROVED,,7741.11,58,80
SA-30272,SAIL_ST,SAIL_BHILAI,Mill Roll Neck Bearing 500mm Bore Variant 15,mill spherical roller bearing 500nb (500mm) bore variant 15,NMC-GEN-BRG-0012,Mill Spherical Roller Bearing 500Nb (500Mm) Bore Variant 15,BEARINGS,NOS,EA,UNIQUE_MATERIAL,0.88,APPROVED,,509599.65,60,37
CI-30273,CIL_MN,CIL_SINGRAULI,Steel Wire Rope 6x36 IWRC 24mm Variant 15,steel wire rope 6x36 independent wire rope core 24mm variant 15,NMC-GEN-RPC-0008,Steel Wire Rope 6X36 Independent Wire Rope Core 24Mm Variant 15,ROPES_CHAINS,MTR,MTR,UNIQUE_MATERIAL,0.88,APPROVED,,675.31,54,106
BH-30274,BHEL_HE,BHEL_HYDERABAD,Planetary Gearbox 250kW Variant 15,planetary gearbox 250kw variant 15,NMC-GEN-GBX-0006,Planetary Gearbox 250Kw Variant 15,GEARBOXES,NOS,EA,UNIQUE_MATERIAL,0.88,APPROVED,,1044606.34,35,103
CP-30280,CPCL_OG,CPCL_MANALI,Crude Oil Desalter Demister Pad Variant 16,crude oil desalter demister pad variant 16,NMC-GEN-GSK-0018,Crude Oil Desalter Demister Pad Variant 16,GASKETS_SEALS,NOS,EA,UNIQUE_MATERIAL,0.88,APPROVED,,151281.37,52,67
NT-30281,NTPC_PW,NTPC_SINGRAULI,Station Class Surge Arrester 33kV Variant 16,station class surge arrester 33kv variant 16,NMC-GEN-TRF-0010,Station Class Surge Arrester 33Kv Variant 16,TRANSFORMERS,NOS,EA,UNIQUE_MATERIAL,0.88,APPROVED,,45642.38,70,229
SA-30282,SAIL_ST,SAIL_BHILAI,Hadfield Steel Jaw Plate Variant 16,hadfield steel jaw plate variant 16,NMC-GEN-LIN-0008,Hadfield Manganese Steel ASTM A128 MN,WEAR_PARTS,NOS,NOS,UNIQUE_MATERIAL,0.88,APPROVED,,207262.81,64,309
CI-30283,CIL_MN,CIL_SINGRAULI,EP Conveyor Belt 1200mm 5 Ply Variant 16,polyester nylon ep conveyor belt 1200mm 5 ply variant 16,NMC-GEN-BLT-0004,Polyester Nylon Ep Conveyor Belt 1200Mm 5 Ply Variant 16,CONVEYOR_BELTING,MTR,MTR,UNIQUE_MATERIAL,0.88,APPROVED,,2574.28,10,20
BH-30284,BHEL_HE,BHEL_HYDERABAD,High Tensile Bolt M24 Grade 10.9 Variant 16,high tensile bolt m24 grade 10.9 variant 16,NMC-GEN-FST-0009,High Tensile Bolt M24 Grade 10.9 Variant 16,FASTENERS,NOS,NOS,UNIQUE_MATERIAL,0.88,APPROVED,,185.78,38,77
CP-30290,CPCL_OG,CPCL_MANALI,API 6D Trunnion Ball Valve 300NB CL600 Variant 17,api 6d trunnion ball valve 300nb class 600 variant 17,NMC-GEN-VLV-0016,Api 300NB Class 600 Carbon Steel API 6D,VALVES_FLOW,NOS,NOS,UNIQUE_MATERIAL,0.88,APPROVED,,181979.42,57,78
NT-30291,NTPC_PW,NTPC_SINGRAULI,AAAC Conductor Moose Variant 17,aaac conductor moose variant 17,NMC-GEN-CBL-0010,Aaac Aluminium IS 398,CABLES_CONDUCTORS,MTR,MTR,UNIQUE_MATERIAL,0.88,APPROVED,,889.52,14,63
SA-30292,SAIL_ST,SAIL_BHILAI,Basic Oxygen Furnace Tuyere Variant 17,basic oxygen furnace tuyere variant 17,NMC-GEN-GSK-0019,Basic Oxygen Furnace Tuyere Variant 17,GASKETS_SEALS,NOS,EA,UNIQUE_MATERIAL,0.88,APPROVED,,275615.41,40,27
CI-30293,CIL_MN,CIL_SINGRAULI,DTH Hammer 6 inch Variant 17,dth hammer 150nb (6inch) variant 17,NMC-GEN-DRL-0015,Dth Hammer 150Nb (6Inch) Variant 17,DRILLING_MINING,NOS,NOS,UNIQUE_MATERIAL,0.88,APPROVED,,147991.95,9,23
BH-30294,BHEL_HE,BHEL_HYDERABAD,CNC Hydraulic Power Pack 15kW Variant 17,cnc hydraulic power pack 15kw variant 17,NMC-GEN-GBX-0007,Cnc Hydraulic Power Pack 15Kw Variant 17,GEARBOXES,NOS,EA,UNIQUE_MATERIAL,0.88,APPROVED,,313998.68,57,102
CP-30300,CPCL_OG,CPCL_MANALI,Spiral Wound Gasket 600NB CL300 Variant 18,spiral wound gasket 600nb class 300 variant 18,NMC-GEN-GSK-0020,Spiral 600NB Class 300 Stainless Steel 316 ASME B16.20,GASKETS_SEALS,NOS,NOS,UNIQUE_MATERIAL,0.88,APPROVED,,18215.23,54,316
NT-30301,NTPC_PW,NTPC_SINGRAULI,Battery Charger 220V DC 100A Variant 18,battery charger 220v dc 100a variant 18,NMC-GEN-SWG-0013,Battery Charger 220V Dc 100A Variant 18,SWITCHGEAR,NOS,EA,UNIQUE_MATERIAL,0.88,APPROVED,,305629.46,25,55
SA-30302,SAIL_ST,SAIL_BHILAI,Hot Strip Mill Work Roll Variant 18,hot strip mill work roll variant 18,NMC-GEN-STL-0012,Hot Strip Mill Work Roll Variant 18,STRUCTURAL_STEEL,NOS,EA,UNIQUE_MATERIAL,0.88,APPROVED,,1857097.65,80,235
CI-30303,CIL_MN,CIL_SINGRAULI,Dragline Bucket Tooth Variant 18,dragline bucket tooth variant 18,NMC-GEN-FST-0010,Dragline Bucket Tooth Variant 18,FASTENERS,NOS,NOS,UNIQUE_MATERIAL,0.88,APPROVED,,42897.16,32,143
BH-30304,BHEL_HE,BHEL_HYDERABAD,Servo Motor 5kW 3000RPM Variant 18,servo motor 5kw 3000rpm variant 18,NMC-GEN-GBX-0008,Servo Motor 5Kw 3000Rpm Variant 18,GEARBOXES,NOS,EA,UNIQUE_MATERIAL,0.88,APPROVED,,180161.15,20,39
CP-30310,CPCL_OG,CPCL_MANALI,Refinery Steam Trap 25NB Variant 19,refinery steam trap 25nb variant 19,NMC-GEN-VLV-0017,Refinery 25NB Carbon Steel API 612,VALVES_FLOW,NOS,NOS,UNIQUE_MATERIAL,0.88,APPROVED,,18856.14,34,134
NT-30311,NTPC_PW,NTPC_SINGRAULI,Boiler Feed Pump Impeller Variant 19,boiler feed pump impeller variant 19,NMC-GEN-PMP-0005,Boiler Feed Pump Impeller Variant 19,PUMPS_ROTATING,NOS,EA,UNIQUE_MATERIAL,0.88,APPROVED,,288698.68,3,19
SA-30312,SAIL_ST,SAIL_BHILAI,Continuous Annealing Furnace Roller Variant 19,continuous annealing furnace roller variant 19,NMC-GEN-BRG-0013,Continuous Annealing Furnace Roller Variant 19,BEARINGS,NOS,EA,UNIQUE_MATERIAL,0.88,APPROVED,,422786.79,71,115
CI-30313,CIL_MN,CIL_SINGRAULI,Mine Ventilation Fan 75kW Variant 19,mine ventilation fan 75kw variant 19,NMC-GEN-MOT-0017,Mine Ventilation Fan 75Kw Variant 19,MOTORS_DRIVES,NOS,EA,UNIQUE_MATERIAL,0.88,APPROVED,,339042.73,46,275
BH-30314,BHEL_HE,BHEL_HYDERABAD,Worm Gearbox 7.5kW Ratio 40:1 Variant 19,worm gearbox 7.5kw ratio 40:1 variant 19,NMC-GEN-PIP-0008,Worm Gearbox 7.5Kw Ratio 40:1 Variant 19,PIPE_FITTINGS,NOS,EA,UNIQUE_MATERIAL,0.88,APPROVED,,77637.94,56,156
CP-30320,CPCL_OG,CPCL_MANALI,PSV 50NB CL300 Variant 20,psv 50nb class 300 variant 20,NMC-GEN-VLV-0018,Psv 50NB Class 300 Carbon Steel API 526,VALVES_FLOW,NOS,NOS,UNIQUE_MATERIAL,0.88,APPROVED,,54778.61,40,70
NT-30321,NTPC_PW,NTPC_SINGRAULI,Generator Rotor Retaining Ring Variant 20,generator rotor retaining ring variant 20,NMC-GEN-STL-0013,Generator Rotor Retaining Ring Variant 20,STRUCTURAL_STEEL,NOS,EA,UNIQUE_MATERIAL,0.88,APPROVED,,1624443.87,63,85
SA-30322,SAIL_ST,SAIL_BHILAI,Graphite Electrode 600mm Variant 20,graphite electrode 600nb (600mm) variant 20,NMC-GEN-GSK-0021,Graphite 600NB Graphite,GASKETS_SEALS,NOS,NOS,UNIQUE_MATERIAL,0.88,APPROVED,,116855.69,75,220
CI-30323,CIL_MN,CIL_SINGRAULI,Hydraulic Rock Breaker 1.5T Variant 20,hydraulic rock breaker 1.5t variant 20,NMC-GEN-DRL-0016,Hydraulic Rock Breaker 1.5T Variant 20,DRILLING_MINING,NOS,EA,UNIQUE_MATERIAL,0.88,APPROVED,,466196.44,39,24
BH-30324,BHEL_HE,BHEL_HYDERABAD,Machine Tool Spindle Bearing Set Variant 20,machine tool spindle bearing set variant 20,NMC-GEN-BRG-0014,Machine Tool Spindle Bearing Set Variant 20,BEARINGS,SET,SET,UNIQUE_MATERIAL,0.88,APPROVED,,101229.23,52,166
CP-50010,CPCL_OG,CPCL_MANALI,Gate Valve 150NB Class 300 CS Flanged,gate valve 150nb class 300 carbon steel flanged,NMC-GEN-VLV-0019,Gate 150NB Class 300 Carbon Steel API 600,VALVES_FLOW,NOS,NOS,EXACT_DUPLICATE,0.96,AUTO_APPROVED,,40468.43,38,217
BH-50014,BHEL_HE,BHEL_HYDERABAD,Gate Valve 150NB Class 300 CS Flanged,gate valve 150nb class 300 carbon steel flanged,NMC-GEN-VLV-0019,Gate 150NB Class 300 Carbon Steel API 600,VALVES_FLOW,NOS,NOS,EXACT_DUPLICATE,0.96,AUTO_APPROVED,,41032.96,54,200
SA-50012,SAIL_ST,SAIL_BHILAI,Gate Valve 150NB Class 300 CS Flanged,gate valve 150nb class 300 carbon steel flanged,NMC-GEN-VLV-0019,Gate 150NB Class 300 Carbon Steel API 600,VALVES_FLOW,NOS,NOS,EXACT_DUPLICATE,0.96,AUTO_APPROVED,,39281.55,32,108
NT-50011,NTPC_PW,NTPC_SINGRAULI,Gate Valve 150NB Class 300 CS Flanged,gate valve 150nb class 300 carbon steel flanged,NMC-GEN-VLV-0019,Gate 150NB Class 300 Carbon Steel API 600,VALVES_FLOW,NOS,NOS,EXACT_DUPLICATE,0.96,AUTO_APPROVED,,38569.61,17,66
CI-50013,CIL_MN,CIL_SINGRAULI,Gate Valve 150NB Class 300 CS Flanged,gate valve 150nb class 300 carbon steel flanged,NMC-GEN-VLV-0019,Gate 150NB Class 300 Carbon Steel API 600,VALVES_FLOW,NOS,NOS,EXACT_DUPLICATE,0.96,AUTO_APPROVED,,37973.91,10,35
BH-50074,BHEL_HE,BHEL_HYDERABAD,Hex Bolt M16 x 80 Grade 8.8,hexagonal bolt m16 x 80 grade 8.8,NMC-GEN-FST-0011,Hexagonal Bolt M16 X 80 Grade 8.8,FASTENERS,KG,KG,EXACT_DUPLICATE,0.96,AUTO_APPROVED,,163.88,49,90
SA-50072,SAIL_ST,SAIL_BHILAI,Hex Bolt M16 x 80 Grade 8.8,hexagonal bolt m16 x 80 grade 8.8,NMC-GEN-FST-0011,Hexagonal Bolt M16 X 80 Grade 8.8,FASTENERS,KG,KG,EXACT_DUPLICATE,0.96,AUTO_APPROVED,,173.07,74,142
CP-50070,CPCL_OG,CPCL_MANALI,Hex Bolt M16 x 80 Grade 8.8,hexagonal bolt m16 x 80 grade 8.8,NMC-GEN-FST-0011,Hexagonal Bolt M16 X 80 Grade 8.8,FASTENERS,KG,KG,EXACT_DUPLICATE,0.96,AUTO_APPROVED,,168.83,13,43
CI-50073,CIL_MN,CIL_SINGRAULI,Hex Bolt M16 x 80 Grade 8.8,hexagonal bolt m16 x 80 grade 8.8,NMC-GEN-FST-0011,Hexagonal Bolt M16 X 80 Grade 8.8,FASTENERS,KG,KG,EXACT_DUPLICATE,0.96,AUTO_APPROVED,,173.23,53,244
NT-50071,NTPC_PW,NTPC_SINGRAULI,Hex Bolt M16 x 80 Grade 8.8,hexagonal bolt m16 x 80 grade 8.8,NMC-GEN-FST-0011,Hexagonal Bolt M16 X 80 Grade 8.8,FASTENERS,KG,KG,EXACT_DUPLICATE,0.96,AUTO_APPROVED,,157.79,61,184
CP-50100,CPCL_OG,CPCL_MANALI,Pt No 4471B misc spare,pt no 4471b misc spare,NMC-GEN-MSC-0001,Pt No 4471B Misc Spare,MISC_UNCLASSIFIED,NOS,EA,UNIQUE_MATERIAL,0.88,UNCLASSIFIED,LOW_INFORMATION,1504.63,36,60
CP-50110,CPCL_OG,CPCL_MANALI,MOTOR SPARE,motor spare,NMC-GEN-MSC-0002,Motor Spare,MISC_UNCLASSIFIED,NOS,EA,UNIQUE_MATERIAL,0.88,UNCLASSIFIED,LOW_INFORMATION,2439.24,63,182
SA-50132,SAIL_ST,SAIL_BHILAI,Cable 11kV 3C x 400 sqmm Cu,cable 11kv 3c x 400 sqmm copper,NMC-GEN-CBL-0011,Cable Copper IS 7098,CABLES_CONDUCTORS,MTR,MTR,EXACT_DUPLICATE,0.96,AUTO_APPROVED,,5283.75,5,9
CP-50130,CPCL_OG,CPCL_MANALI,Cable 11kV 3C x 400 sqmm Cu,cable 11kv 3c x 400 sqmm copper,NMC-GEN-CBL-0011,Cable Copper IS 7098,CABLES_CONDUCTORS,MTR,MTR,EXACT_DUPLICATE,0.96,AUTO_APPROVED,,4999.89,11,14
BH-50134,BHEL_HE,BHEL_HYDERABAD,Cable 11kV 3C x 400 sqmm Cu,cable 11kv 3c x 400 sqmm copper,NMC-GEN-CBL-0011,Cable Copper IS 7098,CABLES_CONDUCTORS,MTR,MTR,EXACT_DUPLICATE,0.96,AUTO_APPROVED,,5050.62,63,145
NT-50131,NTPC_PW,NTPC_SINGRAULI,Cable 11kV 3C x 400 sqmm Cu,cable 11kv 3c x 400 sqmm copper,NMC-GEN-CBL-0011,Cable Copper IS 7098,CABLES_CONDUCTORS,MTR,MTR,EXACT_DUPLICATE,0.96,AUTO_APPROVED,,5245.42,21,123
CI-50133,CIL_MN,CIL_SINGRAULI,Cable 11kV 3C x 400 sqmm Cu,cable 11kv 3c x 400 sqmm copper,NMC-GEN-CBL-0011,Cable Copper IS 7098,CABLES_CONDUCTORS,MTR,MTR,EXACT_DUPLICATE,0.96,AUTO_APPROVED,,5093.35,66,342
CI-50143,CIL_MN,CIL_SINGRAULI,Bearing 6312,bearing 6312,NMC-GEN-BRG-0015,Bearing 60x130x31 mm ISO 15,BEARINGS,NOS,EA,EXACT_DUPLICATE,0.96,AUTO_APPROVED,,12412.75,16,91
BH-50144,BHEL_HE,BHEL_HYDERABAD,Bearing 6312,bearing 6312,NMC-GEN-BRG-0015,Bearing 60x130x31 mm ISO 15,BEARINGS,NOS,EA,EXACT_DUPLICATE,0.96,AUTO_APPROVED,,12934.09,46,239
SA-50142,SAIL_ST,SAIL_BHILAI,Bearing 6312,bearing 6312,NMC-GEN-BRG-0015,Bearing 60x130x31 mm ISO 15,BEARINGS,NOS,EA,EXACT_DUPLICATE,0.96,AUTO_APPROVED,,11893.58,32,166
CP-50140,CPCL_OG,CPCL_MANALI,Bearing 6312,bearing 6312,NMC-GEN-BRG-0015,Bearing 60x130x31 mm ISO 15,BEARINGS,NOS,EA,EXACT_DUPLICATE,0.96,AUTO_APPROVED,,12817.69,30,116
NT-50141,NTPC_PW,NTPC_SINGRAULI,Bearing 6312,bearing 6312,NMC-GEN-BRG-0015,Bearing 60x130x31 mm ISO 15,BEARINGS,NOS,EA,EXACT_DUPLICATE,0.96,AUTO_APPROVED,,12393.61,14,69
NT-50151,NTPC_PW,NTPC_SINGRAULI,Bearing 6312 with C3 Clearance,bearing 6312 with c3 clearance,NMC-GEN-BRG-0016,Bearing 60x130x31 mm ISO 15,BEARINGS,NOS,EA,EXACT_DUPLICATE,0.96,AUTO_APPROVED,,13352.66,37,26
BH-50154,BHEL_HE,BHEL_HYDERABAD,Bearing 6312 with C3 Clearance,bearing 6312 with c3 clearance,NMC-GEN-BRG-0016,Bearing 60x130x31 mm ISO 15,BEARINGS,NOS,EA,EXACT_DUPLICATE,0.96,AUTO_APPROVED,,13274.27,16,43
SA-50152,SAIL_ST,SAIL_BHILAI,Bearing 6312 with C3 Clearance,bearing 6312 with c3 clearance,NMC-GEN-BRG-0016,Bearing 60x130x31 mm ISO 15,BEARINGS,NOS,EA,EXACT_DUPLICATE,0.96,AUTO_APPROVED,,12967.38,24,79
CP-50150,CPCL_OG,CPCL_MANALI,Bearing 6312 with C3 Clearance,bearing 6312 with c3 clearance,NMC-GEN-BRG-0016,Bearing 60x130x31 mm ISO 15,BEARINGS,NOS,EA,EXACT_DUPLICATE,0.96,AUTO_APPROVED,,13816.8,73,223
CI-50153,CIL_MN,CIL_SINGRAULI,Bearing 6312 with C3 Clearance,bearing 6312 with c3 clearance,NMC-GEN-BRG-0016,Bearing 60x130x31 mm ISO 15,BEARINGS,NOS,EA,EXACT_DUPLICATE,0.96,AUTO_APPROVED,,13399.21,72,405
NT-50101,NTPC_PW,NTPC_SINGRAULI,Pt No 4471B misc spare,pt no 4471b misc spare,NMC-GEN-MSC-0003,Pt No 4471B Misc Spare,MISC_UNCLASSIFIED,NOS,EA,UNIQUE_MATERIAL,0.88,UNCLASSIFIED,LOW_INFORMATION,1574.39,16,20
NT-50111,NTPC_PW,NTPC_SINGRAULI,MOTOR SPARE,motor spare,NMC-GEN-MSC-0004,Motor Spare,MISC_UNCLASSIFIED,NOS,EA,UNIQUE_MATERIAL,0.88,UNCLASSIFIED,LOW_INFORMATION,2433.7,70,104
SA-50102,SAIL_ST,SAIL_BHILAI,Pt No 4471B misc spare,pt no 4471b misc spare,NMC-GEN-MSC-0005,Pt No 4471B Misc Spare,MISC_UNCLASSIFIED,NOS,EA,UNIQUE_MATERIAL,0.88,UNCLASSIFIED,LOW_INFORMATION,1541.16,78,40
SA-50112,SAIL_ST,SAIL_BHILAI,MOTOR SPARE,motor spare,NMC-GEN-MSC-0006,Motor Spare,MISC_UNCLASSIFIED,NOS,EA,UNIQUE_MATERIAL,0.88,UNCLASSIFIED,LOW_INFORMATION,2444.32,20,26
CI-50103,CIL_MN,CIL_SINGRAULI,Pt No 4471B misc spare,pt no 4471b misc spare,NMC-GEN-MSC-0007,Pt No 4471B Misc Spare,MISC_UNCLASSIFIED,NOS,EA,UNIQUE_MATERIAL,0.88,UNCLASSIFIED,LOW_INFORMATION,1516.24,10,13
CI-50113,CIL_MN,CIL_SINGRAULI,MOTOR SPARE,motor spare,NMC-GEN-MSC-0008,Motor Spare,MISC_UNCLASSIFIED,NOS,EA,UNIQUE_MATERIAL,0.88,UNCLASSIFIED,LOW_INFORMATION,2443.75,76,318
BH-50104,BHEL_HE,BHEL_HYDERABAD,Pt No 4471B misc spare,pt no 4471b misc spare,NMC-GEN-MSC-0009,Pt No 4471B Misc Spare,MISC_UNCLASSIFIED,NOS,EA,UNIQUE_MATERIAL,0.88,UNCLASSIFIED,LOW_INFORMATION,1478.04,56,54
BH-50114,BHEL_HE,BHEL_HYDERABAD,MOTOR SPARE,motor spare,NMC-GEN-MSC-0010,Motor Spare,MISC_UNCLASSIFIED,NOS,EA,UNIQUE_MATERIAL,0.88,UNCLASSIFIED,LOW_INFORMATION,2617.1,78,198
