cpse_id,sector,plant_code,source_material_code,material_type,material_description,technical_spec_text,uom,existing_material_group,unit_price_inr,current_stock_qty,annual_procurement_qty,bucket,human_review_flag
CPCL_OG,Oil & Gas,CPCL_MANALI,CP-10010,ERSA,SPH ROLLER BRG Bearing 22220,ISO 15 | 100x180x46 mm,EA,SPH-GEN,16771.0,16,95,A,False
NTPC_PW,Power,NTPC_SINGRAULI,NT-10011,ERSA,Spherical Roller Brg Bearing 22220,ISO 15 | 100x180x46 mm,EA,SPHERICAL-GEN,19128.93,36,214,A,False
SAIL_ST,Steel,SAIL_BHILAI,SA-10012,ERSA,ROLL NECK BEARING Bearing 22220,ISO 15 | 100x180x46 mm,EA,ROLL-GEN,18470.6,16,45,A,False
CIL_MN,Mining,CIL_SINGRAULI,CI-10013,ERSA,SRB Bearing 22220,ISO 15 | 100x180x46 mm,EA,SRB-GEN,17913.87,60,31,A,False
BHEL_HE,Heavy Engineering,BHEL_HYDERABAD,BH-10014,ERSA,SPHERICAL ROLLER BEARING Bearing 22220,ISO 15 | 100x180x46 mm,EA,SPHERICAL-GEN,19315.3,35,145,A,False
CPCL_OG,Oil & Gas,CPCL_MANALI,CP-10020,ERSA,SPH ROLLER BRG Ball Bearing 6205-2RSH,25x52x15 mm | Rubber Sealed,EA,SPH-GEN,992.08,66,87,A,False
NTPC_PW,Power,NTPC_SINGRAULI,NT-10021,ERSA,Spherical Roller Brg Ball Bearing 6205-2RSH,25x52x15 mm | Rubber Sealed,EA,SPHERICAL-GEN,1007.55,40,235,A,False
SAIL_ST,Steel,SAIL_BHILAI,SA-10022,ERSA,ROLL NECK BEARING Ball Bearing 6205-2RSH,25x52x15 mm | Rubber Sealed,EA,ROLL-GEN,974.55,79,140,A,False
CIL_MN,Mining,CIL_SINGRAULI,CI-10023,ERSA,SRB Ball Bearing 6205-2RSH,25x52x15 mm | Rubber Sealed,EA,SRB-GEN,905.28,22,80,A,False
BHEL_HE,Heavy Engineering,BHEL_HYDERABAD,BH-10024,ERSA,SPHERICAL ROLLER BEARING Ball Bearing 6205-2RSH,25x52x15 mm | Rubber Sealed,EA,SPHERICAL-GEN,1019.37,69,34,A,False
CPCL_OG,Oil & Gas,CPCL_MANALI,CP-10030,ERSA,SPH ROLLER BRG Bearing 22316,80x170x58 mm | ISO 15,EA,SPH-GEN,27025.8,64,41,A,False
NTPC_PW,Power,NTPC_SINGRAULI,NT-10031,ERSA,Spherical Roller Brg Bearing 22316,80x170x58 mm | ISO 15,EA,SPHERICAL-GEN,25089.67,48,181,A,False
SAIL_ST,Steel,SAIL_BHILAI,SA-10032,ERSA,ROLL NECK BEARING Bearing 22316,80x170x58 mm | ISO 15,EA,ROLL-GEN,25596.82,32,161,A,False
CIL_MN,Mining,CIL_SINGRAULI,CI-10033,ERSA,SRB Bearing 22316,80x170x58 mm | ISO 15,EA,SRB-GEN,28409.12,12,68,A,False
BHEL_HE,Heavy Engineering,BHEL_HYDERABAD,BH-10034,ERSA,SPHERICAL ROLLER BEARING Bearing 22316,80x170x58 mm | ISO 15,EA,SPHERICAL-GEN,27888.69,70,99,A,False
CPCL_OG,Oil & Gas,CPCL_MANALI,CP-10040,ERSA,Gate Valve Cast Steel 150NB Class 150,API 600 | ASTM A216 WCB | RF Flanged,NOS,GATE-GEN,27053.87,62,312,A,False
NTPC_PW,Power,NTPC_SINGRAULI,NT-10041,ERSA,Gate Valve Cast Steel 150NB Class 150,API 600 | ASTM A216 WCB | RF Flanged,NOS,GATE-GEN,27210.92,69,344,A,False
SAIL_ST,Steel,SAIL_BHILAI,SA-10042,ERSA,Gate Valve Cast Steel 150NB Class 150,API 600 | ASTM A216 WCB | RF Flanged,NOS,GATE-GEN,28313.91,29,152,A,False
CIL_MN,Mining,CIL_SINGRAULI,CI-10043,ERSA,Gate Valve Cast Steel 150NB Class 150,API 600 | ASTM A216 WCB | RF Flanged,NOS,GATE-GEN,29733.76,27,92,A,False
BHEL_HE,Heavy Engineering,BHEL_HYDERABAD,BH-10044,ERSA,Gate Valve Cast Steel 150NB Class 150,API 600 | ASTM A216 WCB | RF Flanged,NOS,GATE-GEN,28210.69,49,248,A,False
CPCL_OG,Oil & Gas,CPCL_MANALI,CP-10050,ERSA,Globe Valve Cast Steel 100NB Class 150,API 600 | ASTM A216 WCB | RF Flanged,NOS,GLOBE-GEN,26091.08,59,90,A,False
NTPC_PW,Power,NTPC_SINGRAULI,NT-10051,ERSA,Globe Valve Cast Steel 100NB Class 150,API 600 | ASTM A216 WCB | RF Flanged,NOS,GLOBE-GEN,23696.05,10,26,A,False
SAIL_ST,Steel,SAIL_BHILAI,SA-10052,ERSA,Globe Valve Cast Steel 100NB Class 150,API 600 | ASTM A216 WCB | RF Flanged,NOS,GLOBE-GEN,22862.3,72,153,A,False
CIL_MN,Mining,CIL_SINGRAULI,CI-10053,ERSA,Globe Valve Cast Steel 100NB Class 150,API 600 | ASTM A216 WCB | RF Flanged,NOS,GLOBE-GEN,24947.52,2,7,A,False
BHEL_HE,Heavy Engineering,BHEL_HYDERABAD,BH-10054,ERSA,Globe Valve Cast Steel 100NB Class 150,API 600 | ASTM A216 WCB | RF Flanged,NOS,GLOBE-GEN,25386.32,9,19,A,False
CPCL_OG,Oil & Gas,CPCL_MANALI,CP-10060,ERSA,Ball Valve 50NB Class 300,API 608 | SS316 | RF Flanged,NOS,BALL-GEN,20682.42,6,26,A,False
NTPC_PW,Power,NTPC_SINGRAULI,NT-10061,ERSA,Ball Valve 50NB Class 300,API 608 | SS316 | RF Flanged,NOS,BALL-GEN,20693.83,32,87,A,False
SAIL_ST,Steel,SAIL_BHILAI,SA-10062,ERSA,Ball Valve 50NB Class 300,API 608 | SS316 | RF Flanged,NOS,BALL-GEN,22667.63,29,152,A,False
CIL_MN,Mining,CIL_SINGRAULI,CI-10063,ERSA,Ball Valve 50NB Class 300,API 608 | SS316 | RF Flanged,NOS,BALL-GEN,20896.63,75,332,A,False
BHEL_HE,Heavy Engineering,BHEL_HYDERABAD,BH-10064,ERSA,Ball Valve 50NB Class 300,API 608 | SS316 | RF Flanged,NOS,BALL-GEN,22019.81,62,239,A,False
CPCL_OG,Oil & Gas,CPCL_MANALI,CP-10070,ERSA,SP WOUND GSKT 150NB Class 150 SS316 Graphite,ASME B16.20 | SS316 winding | Graphite filler,NOS,SP-GEN,4025.96,14,62,A,False
NTPC_PW,Power,NTPC_SINGRAULI,NT-10071,ERSA,SPIRAL WOUND GASKET 150NB Class 150 SS316 Graphite,ASME B16.20 | SS316 winding | Graphite filler,NOS,SPIRAL-GEN,4129.21,54,266,A,False
SAIL_ST,Steel,SAIL_BHILAI,SA-10072,ERSA,S/W GASKET 150NB Class 150 SS316 Graphite,ASME B16.20 | SS316 winding | Graphite filler,NOS,S/W-GEN,4450.22,8,48,A,False
CIL_MN,Mining,CIL_SINGRAULI,CI-10073,ERSA,SP WDG GASKET 150NB Class 150 SS316 Graphite,ASME B16.20 | SS316 winding | Graphite filler,NOS,SP-GEN,4317.68,14,14,A,False
BHEL_HE,Heavy Engineering,BHEL_HYDERABAD,BH-10074,ERSA,SPIRAL WOUND GSK 150NB Class 150 SS316 Graphite,ASME B16.20 | SS316 winding | Graphite filler,NOS,SPIRAL-GEN,4159.65,45,226,A,False
CPCL_OG,Oil & Gas,CPCL_MANALI,CP-10080,ERSA,SP WOUND GSKT 100NB Class 150 SS316 Graphite,ASME B16.20 | SS316 winding | Graphite filler,NOS,SP-GEN,3389.6,33,65,A,False
NTPC_PW,Power,NTPC_SINGRAULI,NT-10081,ERSA,SPIRAL WOUND GASKET 100NB Class 150 SS316 Graphite,ASME B16.20 | SS316 winding | Graphite filler,NOS,SPIRAL-GEN,3067.3,59,100,A,False
SAIL_ST,Steel,SAIL_BHILAI,SA-10082,ERSA,S/W GASKET 100NB Class 150 SS316 Graphite,ASME B16.20 | SS316 winding | Graphite filler,NOS,S/W-GEN,3178.5,37,136,A,False
CIL_MN,Mining,CIL_SINGRAULI,CI-10083,ERSA,SP WDG GASKET 100NB Class 150 SS316 Graphite,ASME B16.20 | SS316 winding | Graphite filler,NOS,SP-GEN,3095.91,11,33,A,False
BHEL_HE,Heavy Engineering,BHEL_HYDERABAD,BH-10084,ERSA,SPIRAL WOUND GSK 100NB Class 150 SS316 Graphite,ASME B16.20 | SS316 winding | Graphite filler,NOS,SPIRAL-GEN,3363.85,72,86,A,False
CPCL_OG,Oil & Gas,CPCL_MANALI,CP-10090,ERSA,Induction Motor 15kW 4P TEFC,415V | 50Hz | IE3 | Foot Mounted | IP55,EA,INDUCTION-GEN,48754.59,71,42,A,False
NTPC_PW,Power,NTPC_SINGRAULI,NT-10091,ERSA,Induction Motor 15kW 4P TEFC,415V | 50Hz | IE3 | Foot Mounted | IP55,EA,INDUCTION-GEN,55918.17,32,58,A,False
SAIL_ST,Steel,SAIL_BHILAI,SA-10092,ERSA,Induction Motor 15kW 4P TEFC,415V | 50Hz | IE3 | Foot Mounted | IP55,EA,INDUCTION-GEN,51530.03,63,140,A,False
CIL_MN,Mining,CIL_SINGRAULI,CI-10093,ERSA,Induction Motor 15kW 4P TEFC,415V | 50Hz | IE3 | Foot Mounted | IP55,EA,INDUCTION-GEN,55104.27,9,15,A,False
BHEL_HE,Heavy Engineering,BHEL_HYDERABAD,BH-10094,ERSA,Induction Motor 15kW 4P TEFC,415V | 50Hz | IE3 | Foot Mounted | IP55,EA,INDUCTION-GEN,51315.99,51,160,A,False
CPCL_OG,Oil & Gas,CPCL_MANALI,CP-10100,ERSA,Induction Motor 30kW 4P TEFC,415V | 50Hz | IE3 | Foot Mounted | IP55,EA,INDUCTION-GEN,91932.08,60,176,A,False
NTPC_PW,Power,NTPC_SINGRAULI,NT-10101,ERSA,Induction Motor 30kW 4P TEFC,415V | 50Hz | IE3 | Foot Mounted | IP55,EA,INDUCTION-GEN,85436.8,73,374,A,False
SAIL_ST,Steel,SAIL_BHILAI,SA-10102,ERSA,Induction Motor 30kW 4P TEFC,415V | 50Hz | IE3 | Foot Mounted | IP55,EA,INDUCTION-GEN,89247.47,21,34,A,False
CIL_MN,Mining,CIL_SINGRAULI,CI-10103,ERSA,Induction Motor 30kW 4P TEFC,415V | 50Hz | IE3 | Foot Mounted | IP55,EA,INDUCTION-GEN,83807.53,9,42,A,False
BHEL_HE,Heavy Engineering,BHEL_HYDERABAD,BH-10104,ERSA,Induction Motor 30kW 4P TEFC,415V | 50Hz | IE3 | Foot Mounted | IP55,EA,INDUCTION-GEN,89471.01,9,52,A,False
CPCL_OG,Oil & Gas,CPCL_MANALI,CP-10110,ERSA,Induction Motor 75kW 4P TEFC,415V | 50Hz | IE3 | Foot Mounted | IP55,EA,INDUCTION-GEN,170982.13,8,42,A,False
NTPC_PW,Power,NTPC_SINGRAULI,NT-10111,ERSA,Induction Motor 75kW 4P TEFC,415V | 50Hz | IE3 | Foot Mounted | IP55,EA,INDUCTION-GEN,175265.7,69,114,A,False
SAIL_ST,Steel,SAIL_BHILAI,SA-10112,ERSA,Induction Motor 75kW 4P TEFC,415V | 50Hz | IE3 | Foot Mounted | IP55,EA,INDUCTION-GEN,164243.09,67,74,A,False
CIL_MN,Mining,CIL_SINGRAULI,CI-10113,ERSA,Induction Motor 75kW 4P TEFC,415V | 50Hz | IE3 | Foot Mounted | IP55,EA,INDUCTION-GEN,185097.74,10,43,A,False
BHEL_HE,Heavy Engineering,BHEL_HYDERABAD,BH-10114,ERSA,Induction Motor 75kW 4P TEFC,415V | 50Hz | IE3 | Foot Mounted | IP55,EA,INDUCTION-GEN,164533.97,32,119,A,False
CPCL_OG,Oil & Gas,CPCL_MANALI,CP-10120,ERSA,11KV XLPE CABLE 3C X 400 SQMM AL,IS 7098 | XLPE | Armoured | 11kV,MTR,11KV-GEN,1753.77,74,163,A,False
NTPC_PW,Power,NTPC_SINGRAULI,NT-10121,ERSA,CABLE XLPE 11KV 3C-400 AL,IS 7098 | XLPE | Armoured | 11kV,MTR,CABLE-GEN,1881.15,7,10,A,False
SAIL_ST,Steel,SAIL_BHILAI,SA-10122,ERSA,11KV XLPE AL CABLE 3X400,IS 7098 | XLPE | Armoured | 11kV,MTR,11KV-GEN,1836.83,76,327,A,False
CIL_MN,Mining,CIL_SINGRAULI,CI-10123,ERSA,XLPE CABLE 11KV 3C X 400 AL,IS 7098 | XLPE | Armoured | 11kV,MTR,XLPE-GEN,1865.57,35,69,A,False
BHEL_HE,Heavy Engineering,BHEL_HYDERABAD,BH-10124,ERSA,CABLE XLPE 11KV 3C400 ALU ARM,IS 7098 | XLPE | Armoured | 11kV,MTR,CABLE-GEN,1906.35,42,82,A,False
CPCL_OG,Oil & Gas,CPCL_MANALI,CP-10130,ERSA,1.1kV XLPE Cable 3C x 95 sqmm Aluminium,IS 7098 | XLPE | Armoured | 1.1kV,MTR,1.1KV-GEN,504.32,18,94,A,False
NTPC_PW,Power,NTPC_SINGRAULI,NT-10131,ERSA,1.1kV XLPE Cable 3C x 95 sqmm Aluminium,IS 7098 | XLPE | Armoured | 1.1kV,MTR,1.1KV-GEN,533.95,60,191,A,False
SAIL_ST,Steel,SAIL_BHILAI,SA-10132,ERSA,1.1kV XLPE Cable 3C x 95 sqmm Aluminium,IS 7098 | XLPE | Armoured | 1.1kV,MTR,1.1KV-GEN,556.06,11,5,A,False
CIL_MN,Mining,CIL_SINGRAULI,CI-10133,ERSA,1.1kV XLPE Cable 3C x 95 sqmm Aluminium,IS 7098 | XLPE | Armoured | 1.1kV,MTR,1.1KV-GEN,519.35,74,88,A,False
BHEL_HE,Heavy Engineering,BHEL_HYDERABAD,BH-10134,ERSA,1.1kV XLPE Cable 3C x 95 sqmm Aluminium,IS 7098 | XLPE | Armoured | 1.1kV,MTR,1.1KV-GEN,489.31,29,143,A,False
CPCL_OG,Oil & Gas,CPCL_MANALI,CP-10140,ERSA,1.1kV XLPE Cable 4C x 16 sqmm Copper,IS 7098 | XLPE | PVC Sheath,MTR,1.1KV-GEN,300.63,46,248,A,False
NTPC_PW,Power,NTPC_SINGRAULI,NT-10141,ERSA,1.1kV XLPE Cable 4C x 16 sqmm Copper,IS 7098 | XLPE | PVC Sheath,MTR,1.1KV-GEN,291.5,33,110,A,False
SAIL_ST,Steel,SAIL_BHILAI,SA-10142,ERSA,1.1kV XLPE Cable 4C x 16 sqmm Copper,IS 7098 | XLPE | PVC Sheath,MTR,1.1KV-GEN,301.55,58,307,A,False
CIL_MN,Mining,CIL_SINGRAULI,CI-10143,ERSA,1.1kV XLPE Cable 4C x 16 sqmm Copper,IS 7098 | XLPE | PVC Sheath,MTR,1.1KV-GEN,321.01,80,453,A,False
BHEL_HE,Heavy Engineering,BHEL_HYDERABAD,BH-10144,ERSA,1.1kV XLPE Cable 4C x 16 sqmm Copper,IS 7098 | XLPE | PVC Sheath,MTR,1.1KV-GEN,318.71,3,14,A,False
CPCL_OG,Oil & Gas,CPCL_MANALI,CP-10150,ERSA,HEX BOLT M16 x 80 Grade 8.8,ISO 898-1 | Zinc Plated,NOS,HEX-GEN,51.35,15,24,A,False
NTPC_PW,Power,NTPC_SINGRAULI,NT-10151,ERSA,HEX HD BOLT M16 x 80 Grade 8.8,ISO 898-1 | Zinc Plated,NOS,HEX-GEN,46.54,15,77,A,False
SAIL_ST,Steel,SAIL_BHILAI,SA-10152,ERSA,BOLT HEX M16 x 80 Grade 8.8,ISO 898-1 | Zinc Plated,NOS,BOLT-GEN,45.76,38,173,A,False
CIL_MN,Mining,CIL_SINGRAULI,CI-10153,ERSA,HEXAGONAL BOLT M16 x 80 Grade 8.8,ISO 898-1 | Zinc Plated,NOS,HEXAGONAL-GEN,46.16,45,74,A,False
BHEL_HE,Heavy Engineering,BHEL_HYDERABAD,BH-10154,ERSA,HT BOLT M16 x 80 Grade 8.8,ISO 898-1 | Zinc Plated,NOS,HT-GEN,49.59,35,146,A,False
CPCL_OG,Oil & Gas,CPCL_MANALI,CP-10160,ERSA,HEX BOLT M16 Grade 8,ISO 4032 | Zinc Plated,NOS,HEX-GEN,18.06,8,10,A,False
NTPC_PW,Power,NTPC_SINGRAULI,NT-10161,ERSA,HEX HD BOLT M16 Grade 8,ISO 4032 | Zinc Plated,NOS,HEX-GEN,18.45,37,29,A,False
SAIL_ST,Steel,SAIL_BHILAI,SA-10162,ERSA,BOLT HEX M16 Grade 8,ISO 4032 | Zinc Plated,NOS,BOLT-GEN,16.75,18,90,A,False
CIL_MN,Mining,CIL_SINGRAULI,CI-10163,ERSA,HEXAGONAL BOLT M16 Grade 8,ISO 4032 | Zinc Plated,NOS,HEXAGONAL-GEN,19.39,22,105,A,False
BHEL_HE,Heavy Engineering,BHEL_HYDERABAD,BH-10164,ERSA,HT BOLT M16 Grade 8,ISO 4032 | Zinc Plated,NOS,HT-GEN,17.93,56,315,A,False
CPCL_OG,Oil & Gas,CPCL_MANALI,CP-10170,ERSA,HEX BOLT M20 x 150 Grade 8.8,ASTM A193 B7 | Plain Finish,NOS,HEX-GEN,116.43,11,65,A,False
NTPC_PW,Power,NTPC_SINGRAULI,NT-10171,ERSA,HEX HD BOLT M20 x 150 Grade 8.8,ASTM A193 B7 | Plain Finish,NOS,HEX-GEN,132.81,21,79,A,False
SAIL_ST,Steel,SAIL_BHILAI,SA-10172,ERSA,BOLT HEX M20 x 150 Grade 8.8,ASTM A193 B7 | Plain Finish,NOS,BOLT-GEN,116.93,49,99,A,False
CIL_MN,Mining,CIL_SINGRAULI,CI-10173,ERSA,HEXAGONAL BOLT M20 x 150 Grade 8.8,ASTM A193 B7 | Plain Finish,NOS,HEXAGONAL-GEN,124.31,7,24,A,False
BHEL_HE,Heavy Engineering,BHEL_HYDERABAD,BH-10174,ERSA,HT BOLT M20 x 150 Grade 8.8,ASTM A193 B7 | Plain Finish,NOS,HT-GEN,123.09,7,27,A,False
CPCL_OG,Oil & Gas,CPCL_MANALI,CP-10180,ERSA,Mechanical Seal 40mm Pump Shaft,Carbon/SiC | EPDM | DIN 24960,SET,MECHANICAL-GEN,13941.92,33,186,A,False
NTPC_PW,Power,NTPC_SINGRAULI,NT-10181,ERSA,Mechanical Seal 40mm Pump Shaft,Carbon/SiC | EPDM | DIN 24960,SET,MECHANICAL-GEN,13708.58,73,244,A,False
SAIL_ST,Steel,SAIL_BHILAI,SA-10182,ERSA,Mechanical Seal 40mm Pump Shaft,Carbon/SiC | EPDM | DIN 24960,SET,MECHANICAL-GEN,15603.1,21,40,A,False
CIL_MN,Mining,CIL_SINGRAULI,CI-10183,ERSA,Mechanical Seal 40mm Pump Shaft,Carbon/SiC | EPDM | DIN 24960,SET,MECHANICAL-GEN,15365.52,24,117,A,False
BHEL_HE,Heavy Engineering,BHEL_HYDERABAD,BH-10184,ERSA,Mechanical Seal 40mm Pump Shaft,Carbon/SiC | EPDM | DIN 24960,SET,MECHANICAL-GEN,13538.91,44,222,A,False
CPCL_OG,Oil & Gas,CPCL_MANALI,CP-10190,ERSA,Mechanical Seal 50mm Pump Shaft,Carbon/SiC | Viton | DIN 24960,SET,MECHANICAL-GEN,19788.01,33,84,A,False
NTPC_PW,Power,NTPC_SINGRAULI,NT-10191,ERSA,Mechanical Seal 50mm Pump Shaft,Carbon/SiC | Viton | DIN 24960,SET,MECHANICAL-GEN,17646.77,15,55,A,False
SAIL_ST,Steel,SAIL_BHILAI,SA-10192,ERSA,Mechanical Seal 50mm Pump Shaft,Carbon/SiC | Viton | DIN 24960,SET,MECHANICAL-GEN,19625.26,62,144,A,False
CIL_MN,Mining,CIL_SINGRAULI,CI-10193,ERSA,Mechanical Seal 50mm Pump Shaft,Carbon/SiC | Viton | DIN 24960,SET,MECHANICAL-GEN,17758.81,60,209,A,False
BHEL_HE,Heavy Engineering,BHEL_HYDERABAD,BH-10194,ERSA,Mechanical Seal 50mm Pump Shaft,Carbon/SiC | Viton | DIN 24960,SET,MECHANICAL-GEN,18051.9,31,72,A,False
CPCL_OG,Oil & Gas,CPCL_MANALI,CP-10200,ERSA,Hydraulic Hose 1 inch 2-Wire,SAE 100R2AT | WP 215 bar,MTR,HYDRAULIC-GEN,1353.65,26,115,A,False
NTPC_PW,Power,NTPC_SINGRAULI,NT-10201,ERSA,Hydraulic Hose 1 inch 2-Wire,SAE 100R2AT | WP 215 bar,MTR,HYDRAULIC-GEN,1419.9,10,54,A,False
SAIL_ST,Steel,SAIL_BHILAI,SA-10202,ERSA,Hydraulic Hose 1 inch 2-Wire,SAE 100R2AT | WP 215 bar,MTR,HYDRAULIC-GEN,1409.21,67,237,A,False
CIL_MN,Mining,CIL_SINGRAULI,CI-10203,ERSA,Hydraulic Hose 1 inch 2-Wire,SAE 100R2AT | WP 215 bar,MTR,HYDRAULIC-GEN,1496.3,70,204,A,False
BHEL_HE,Heavy Engineering,BHEL_HYDERABAD,BH-10204,ERSA,Hydraulic Hose 1 inch 2-Wire,SAE 100R2AT | WP 215 bar,MTR,HYDRAULIC-GEN,1552.78,16,41,A,False
CPCL_OG,Oil & Gas,CPCL_MANALI,CP-10210,ERSA,Hydraulic Hose 3/4 inch 2-Wire,SAE 100R2AT | WP 215 bar,MTR,HYDRAULIC-GEN,1004.62,35,26,A,False
NTPC_PW,Power,NTPC_SINGRAULI,NT-10211,ERSA,Hydraulic Hose 3/4 inch 2-Wire,SAE 100R2AT | WP 215 bar,MTR,HYDRAULIC-GEN,993.57,57,204,A,False
SAIL_ST,Steel,SAIL_BHILAI,SA-10212,ERSA,Hydraulic Hose 3/4 inch 2-Wire,SAE 100R2AT | WP 215 bar,MTR,HYDRAULIC-GEN,1091.25,42,132,A,False
CIL_MN,Mining,CIL_SINGRAULI,CI-10213,ERSA,Hydraulic Hose 3/4 inch 2-Wire,SAE 100R2AT | WP 215 bar,MTR,HYDRAULIC-GEN,1071.98,67,92,A,False
BHEL_HE,Heavy Engineering,BHEL_HYDERABAD,BH-10214,ERSA,Hydraulic Hose 3/4 inch 2-Wire,SAE 100R2AT | WP 215 bar,MTR,HYDRAULIC-GEN,1037.17,75,134,A,False
CPCL_OG,Oil & Gas,CPCL_MANALI,CP-10220,ERSA,Cartridge Filter PP 10 micron,DOE 10 inch | Polypropylene,EA,CARTRIDGE-GEN,822.98,57,28,A,False
NTPC_PW,Power,NTPC_SINGRAULI,NT-10221,ERSA,Cartridge Filter PP 10 micron,DOE 10 inch | Polypropylene,EA,CARTRIDGE-GEN,856.79,70,386,A,False
SAIL_ST,Steel,SAIL_BHILAI,SA-10222,ERSA,Cartridge Filter PP 10 micron,DOE 10 inch | Polypropylene,EA,CARTRIDGE-GEN,882.23,27,106,A,False
CIL_MN,Mining,CIL_SINGRAULI,CI-10223,ERSA,Cartridge Filter PP 10 micron,DOE 10 inch | Polypropylene,EA,CARTRIDGE-GEN,845.49,44,181,A,False
BHEL_HE,Heavy Engineering,BHEL_HYDERABAD,BH-10224,ERSA,Cartridge Filter PP 10 micron,DOE 10 inch | Polypropylene,EA,CARTRIDGE-GEN,830.52,17,100,A,False
CPCL_OG,Oil & Gas,CPCL_MANALI,CP-10230,ERSA,Air Filter Element 500mm,Synthetic media | Industrial duty,EA,AIR-GEN,2556.02,66,191,A,False
NTPC_PW,Power,NTPC_SINGRAULI,NT-10231,ERSA,Air Filter Element 500mm,Synthetic media | Industrial duty,EA,AIR-GEN,2472.08,43,124,A,False
SAIL_ST,Steel,SAIL_BHILAI,SA-10232,ERSA,Air Filter Element 500mm,Synthetic media | Industrial duty,EA,AIR-GEN,2483.0,72,101,A,False
CIL_MN,Mining,CIL_SINGRAULI,CI-10233,ERSA,Air Filter Element 500mm,Synthetic media | Industrial duty,EA,AIR-GEN,2301.06,50,114,A,False
BHEL_HE,Heavy Engineering,BHEL_HYDERABAD,BH-10234,ERSA,Air Filter Element 500mm,Synthetic media | Industrial duty,EA,AIR-GEN,2453.59,40,123,A,False
CPCL_OG,Oil & Gas,CPCL_MANALI,CP-10240,ERSA,Flexible Jaw Coupling L-110,Polyurethane spider | Cast iron hubs,SET,FLEXIBLE-GEN,6882.9,2,14,A,False
NTPC_PW,Power,NTPC_SINGRAULI,NT-10241,ERSA,Flexible Jaw Coupling L-110,Polyurethane spider | Cast iron hubs,SET,FLEXIBLE-GEN,6616.65,57,324,A,False
SAIL_ST,Steel,SAIL_BHILAI,SA-10242,ERSA,Flexible Jaw Coupling L-110,Polyurethane spider | Cast iron hubs,SET,FLEXIBLE-GEN,6942.79,43,140,A,False
CIL_MN,Mining,CIL_SINGRAULI,CI-10243,ERSA,Flexible Jaw Coupling L-110,Polyurethane spider | Cast iron hubs,SET,FLEXIBLE-GEN,6774.62,29,144,A,False
BHEL_HE,Heavy Engineering,BHEL_HYDERABAD,BH-10244,ERSA,Flexible Jaw Coupling L-110,Polyurethane spider | Cast iron hubs,SET,FLEXIBLE-GEN,6806.65,23,32,A,False
CPCL_OG,Oil & Gas,CPCL_MANALI,CP-10250,ERSA,Grid Coupling G20,Carbon steel grid | Flanged,SET,GRID-GEN,17992.51,44,45,A,False
NTPC_PW,Power,NTPC_SINGRAULI,NT-10251,ERSA,Grid Coupling G20,Carbon steel grid | Flanged,SET,GRID-GEN,19476.13,32,188,A,False
SAIL_ST,Steel,SAIL_BHILAI,SA-10252,ERSA,Grid Coupling G20,Carbon steel grid | Flanged,SET,GRID-GEN,18066.41,27,50,A,False
CIL_MN,Mining,CIL_SINGRAULI,CI-10253,ERSA,Grid Coupling G20,Carbon steel grid | Flanged,SET,GRID-GEN,17272.78,33,137,A,False
BHEL_HE,Heavy Engineering,BHEL_HYDERABAD,BH-10254,ERSA,Grid Coupling G20,Carbon steel grid | Flanged,SET,GRID-GEN,18901.29,11,34,A,False
CPCL_OG,Oil & Gas,CPCL_MANALI,CP-10260,ERSA,V-Belt SPB 2240,DIN 7753 | Wrapped construction,NOS,V-BELT-GEN,714.36,75,136,A,False
NTPC_PW,Power,NTPC_SINGRAULI,NT-10261,ERSA,V-Belt SPB 2240,DIN 7753 | Wrapped construction,NOS,V-BELT-GEN,747.18,51,278,A,False
SAIL_ST,Steel,SAIL_BHILAI,SA-10262,ERSA,V-Belt SPB 2240,DIN 7753 | Wrapped construction,NOS,V-BELT-GEN,712.76,20,93,A,False
CIL_MN,Mining,CIL_SINGRAULI,CI-10263,ERSA,V-Belt SPB 2240,DIN 7753 | Wrapped construction,NOS,V-BELT-GEN,743.86,15,61,A,False
BHEL_HE,Heavy Engineering,BHEL_HYDERABAD,BH-10264,ERSA,V-Belt SPB 2240,DIN 7753 | Wrapped construction,NOS,V-BELT-GEN,693.23,68,271,A,False
CPCL_OG,Oil & Gas,CPCL_MANALI,CP-10270,ERSA,Roller Chain 16B-1,ISO 606 | Carbon steel,MTR,ROLLER-GEN,1546.93,33,47,A,False
NTPC_PW,Power,NTPC_SINGRAULI,NT-10271,ERSA,Roller Chain 16B-1,ISO 606 | Carbon steel,MTR,ROLLER-GEN,1647.47,61,301,A,False
SAIL_ST,Steel,SAIL_BHILAI,SA-10272,ERSA,Roller Chain 16B-1,ISO 606 | Carbon steel,MTR,ROLLER-GEN,1779.0,78,201,A,False
CIL_MN,Mining,CIL_SINGRAULI,CI-10273,ERSA,Roller Chain 16B-1,ISO 606 | Carbon steel,MTR,ROLLER-GEN,1769.63,58,342,A,False
BHEL_HE,Heavy Engineering,BHEL_HYDERABAD,BH-10274,ERSA,Roller Chain 16B-1,ISO 606 | Carbon steel,MTR,ROLLER-GEN,1736.21,66,251,A,False
CPCL_OG,Oil & Gas,CPCL_MANALI,CP-10280,ERSA,AC Contactor 32A 415V,IEC 60947-4-1 | 3P | Coil 230VAC,EA,AC-GEN,3374.67,72,264,A,False
NTPC_PW,Power,NTPC_SINGRAULI,NT-10281,ERSA,AC Contactor 32A 415V,IEC 60947-4-1 | 3P | Coil 230VAC,EA,AC-GEN,3406.66,62,261,A,False
SAIL_ST,Steel,SAIL_BHILAI,SA-10282,ERSA,AC Contactor 32A 415V,IEC 60947-4-1 | 3P | Coil 230VAC,EA,AC-GEN,3100.41,33,179,A,False
CIL_MN,Mining,CIL_SINGRAULI,CI-10283,ERSA,AC Contactor 32A 415V,IEC 60947-4-1 | 3P | Coil 230VAC,EA,AC-GEN,3109.11,68,282,A,False
BHEL_HE,Heavy Engineering,BHEL_HYDERABAD,BH-10284,ERSA,AC Contactor 32A 415V,IEC 60947-4-1 | 3P | Coil 230VAC,EA,AC-GEN,3276.84,37,130,A,False
CPCL_OG,Oil & Gas,CPCL_MANALI,CP-10290,ERSA,MCCB 250A 4P,IEC 60947-2 | 36kA | Adjustable trip,EA,MCCB-GEN,17420.02,38,79,A,False
NTPC_PW,Power,NTPC_SINGRAULI,NT-10291,ERSA,MCCB 250A 4P,IEC 60947-2 | 36kA | Adjustable trip,EA,MCCB-GEN,17959.01,42,249,A,False
SAIL_ST,Steel,SAIL_BHILAI,SA-10292,ERSA,MCCB 250A 4P,IEC 60947-2 | 36kA | Adjustable trip,EA,MCCB-GEN,18703.92,19,28,A,False
CIL_MN,Mining,CIL_SINGRAULI,CI-10293,ERSA,MCCB 250A 4P,IEC 60947-2 | 36kA | Adjustable trip,EA,MCCB-GEN,17846.75,21,100,A,False
BHEL_HE,Heavy Engineering,BHEL_HYDERABAD,BH-10294,ERSA,MCCB 250A 4P,IEC 60947-2 | 36kA | Adjustable trip,EA,MCCB-GEN,17798.72,55,235,A,False
CPCL_OG,Oil & Gas,CPCL_MANALI,CP-10300,ERSA,Industrial Gear Oil ISO VG 220,EP additive | DIN 51517-3,LTR,INDUSTRIAL-GEN,401.65,61,242,A,False
NTPC_PW,Power,NTPC_SINGRAULI,NT-10301,ERSA,Industrial Gear Oil ISO VG 220,EP additive | DIN 51517-3,LTR,INDUSTRIAL-GEN,385.13,55,226,A,False
SAIL_ST,Steel,SAIL_BHILAI,SA-10302,ERSA,Industrial Gear Oil ISO VG 220,EP additive | DIN 51517-3,LTR,INDUSTRIAL-GEN,436.95,76,394,A,False
CIL_MN,Mining,CIL_SINGRAULI,CI-10303,ERSA,Industrial Gear Oil ISO VG 220,EP additive | DIN 51517-3,LTR,INDUSTRIAL-GEN,382.5,75,231,A,False
BHEL_HE,Heavy Engineering,BHEL_HYDERABAD,BH-10304,ERSA,Industrial Gear Oil ISO VG 220,EP additive | DIN 51517-3,LTR,INDUSTRIAL-GEN,410.63,47,175,A,False
CPCL_OG,Oil & Gas,CPCL_MANALI,CP-10310,ERSA,SPH ROLLER BRG Bearing 32212,60x110x29.75 mm | ISO 355,EA,SPH-GEN,4380.69,55,302,A,False
NTPC_PW,Power,NTPC_SINGRAULI,NT-10311,ERSA,Spherical Roller Brg Bearing 32212,60x110x29.75 mm | ISO 355,EA,SPHERICAL-GEN,4376.93,71,343,A,False
SAIL_ST,Steel,SAIL_BHILAI,SA-10312,ERSA,ROLL NECK BEARING Bearing 32212,60x110x29.75 mm | ISO 355,EA,ROLL-GEN,4471.62,64,144,A,False
CIL_MN,Mining,CIL_SINGRAULI,CI-10313,ERSA,SRB Bearing 32212,60x110x29.75 mm | ISO 355,EA,SRB-GEN,4077.95,64,46,A,False
BHEL_HE,Heavy Engineering,BHEL_HYDERABAD,BH-10314,ERSA,SPHERICAL ROLLER BEARING Bearing 32212,60x110x29.75 mm | ISO 355,EA,SPHERICAL-GEN,4150.98,53,110,A,False
CPCL_OG,Oil & Gas,CPCL_MANALI,CP-10320,ERSA,O-Ring 50 x 3.5 mm NBR,NBR 70 Shore | ISO 3601,NOS,O-RING-GEN,36.96,18,88,A,False
NTPC_PW,Power,NTPC_SINGRAULI,NT-10321,ERSA,O-Ring 50 x 3.5 mm NBR,NBR 70 Shore | ISO 3601,NOS,O-RING-GEN,35.35,52,39,A,False
SAIL_ST,Steel,SAIL_BHILAI,SA-10322,ERSA,O-Ring 50 x 3.5 mm NBR,NBR 70 Shore | ISO 3601,NOS,O-RING-GEN,32.99,56,97,A,False
CIL_MN,Mining,CIL_SINGRAULI,CI-10323,ERSA,O-Ring 50 x 3.5 mm NBR,NBR 70 Shore | ISO 3601,NOS,O-RING-GEN,37.1,25,24,A,False
BHEL_HE,Heavy Engineering,BHEL_HYDERABAD,BH-10324,ERSA,O-Ring 50 x 3.5 mm NBR,NBR 70 Shore | ISO 3601,NOS,O-RING-GEN,33.92,43,75,A,False
CPCL_OG,Oil & Gas,CPCL_MANALI,CP-30010,ERSA,Refinery Catalyst Beads 3mm,Alumina support | refinery catalyst carrier | 3 mm,KG,REFINERY-GEN,951.75,45,216,B,False
NTPC_PW,Power,NTPC_SINGRAULI,NT-30011,ERSA,Power Transformer 25MVA 33/11kV Dyn11,IS 2026 | ONAN | Dyn11 | OLTC,EA,POWER-GEN,19949201.15,37,210,B,False
SAIL_ST,Steel,SAIL_BHILAI,SA-30012,ERSA,Fireclay Refractory Brick 230x114x75mm,IS 8 | Alumina 32% | service 1400C,NOS,FIRECLAY-GEN,92.75,55,156,B,False
CIL_MN,Mining,CIL_SINGRAULI,CI-30013,ERSA,Tricone Rock Drill Bit 8.5in IADC 517,API Spec 7-1 | tungsten carbide inserts,NOS,TRICONE-GEN,198002.53,62,40,B,False
BHEL_HE,Heavy Engineering,BHEL_HYDERABAD,BH-30014,ERSA,Helical Gearbox 22kW Ratio 20:1,IEC motor flange | 22kW | 20:1 | foot mounted,EA,HELICAL-GEN,195142.51,8,27,B,False
CPCL_OG,Oil & Gas,CPCL_MANALI,CP-30020,ERSA,API Drill Collar 6.5 inch,API Spec 7-1 | alloy steel | non-magnetic,MTR,API-GEN,120045.0,10,54,B,False
NTPC_PW,Power,NTPC_SINGRAULI,NT-30021,ERSA,VCB 11kV 1250A,IEC 62271-100 | 25kA | spring charged,EA,VCB-GEN,748233.31,7,6,B,False
SAIL_ST,Steel,SAIL_BHILAI,SA-30022,ERSA,Continuous Cast Square Billet 130x130mm,IS 2830 | Grade Fe 500 | carbon steel,MT,CONTINUOUS-GEN,61092.09,27,18,B,False
CIL_MN,Mining,CIL_SINGRAULI,CI-30023,ERSA,Manganese Jaw Crusher Liner,ASTM A128 | 14% Mn | 1200 mm jaw,NOS,MANGANESE-GEN,170253.67,32,48,B,False
BHEL_HE,Heavy Engineering,BHEL_HYDERABAD,BH-30024,ERSA,Induction Motor 100HP 6P,415V | 50Hz | 6 pole | TEFC | 980 RPM,EA,INDUCTION-GEN,226179.22,16,80,B,False
CPCL_OG,Oil & Gas,CPCL_MANALI,CP-30030,ERSA,Explosion Proof Motor 11kW,415V | Ex d IIB T4 | IP66 | IS/IEC 60079,EA,EXPLOSION-GEN,106878.43,61,161,B,False
NTPC_PW,Power,NTPC_SINGRAULI,NT-30031,ERSA,Polymeric Line Insulator 33kV,IEC 61109 | silicone rubber | 33kV,EA,POLYMERIC-GEN,8993.35,23,40,B,False
SAIL_ST,Steel,SAIL_BHILAI,SA-30032,ERSA,Mill Roll Neck Bearing 500mm Bore,4-row cylindrical roller | 500 mm bore,EA,MILL-GEN,514101.23,22,50,B,False
CIL_MN,Mining,CIL_SINGRAULI,CI-30033,ERSA,Steel Wire Rope 6x36 IWRC 24mm,IS 2266 | bright finish | IWRC,MTR,STEEL-GEN,582.46,5,14,B,False
BHEL_HE,Heavy Engineering,BHEL_HYDERABAD,BH-30034,ERSA,Planetary Gearbox 250kW,Ratio 31.5:1 | 250kW | industrial drive,EA,PLANETARY-GEN,1279554.26,50,228,B,False
CPCL_OG,Oil & Gas,CPCL_MANALI,CP-30040,ERSA,Crude Oil Desalter Demister Pad,SS316L knitted mesh | 1500 mm diameter,EA,CRUDE-GEN,157972.38,27,32,B,False
NTPC_PW,Power,NTPC_SINGRAULI,NT-30041,ERSA,Station Class Surge Arrester 33kV,IEC 60099-4 | ZnO | polymer housed,EA,STATION-GEN,43116.26,33,42,B,False
SAIL_ST,Steel,SAIL_BHILAI,SA-30042,ERSA,Hadfield Steel Jaw Plate,ASTM A128 | Mn 12-14% | crusher liner,NOS,HADFIELD-GEN,193416.53,40,237,B,False
CIL_MN,Mining,CIL_SINGRAULI,CI-30043,ERSA,EP Conveyor Belt 1200mm 5 Ply,DIN 22102 | EP 315/5 | abrasion resistant,MTR,EP-GEN,2973.02,17,80,B,False
BHEL_HE,Heavy Engineering,BHEL_HYDERABAD,BH-30044,ERSA,High Tensile Bolt M24 Grade 10.9,ISO 898-1 | black oxide | heavy duty,NOS,HIGH-GEN,196.26,46,159,B,False
CPCL_OG,Oil & Gas,CPCL_MANALI,CP-30050,ERSA,API 6D Trunnion Ball Valve 300NB CL600,API 6D | ASTM A216 WCB | CL600,NOS,API-GEN,184464.99,49,59,B,False
NTPC_PW,Power,NTPC_SINGRAULI,NT-30051,ERSA,AAAC Conductor Moose,IS 398 | 54/7 aluminium alloy strands,MTR,AAAC-GEN,788.64,45,25,B,False
SAIL_ST,Steel,SAIL_BHILAI,SA-30052,ERSA,Basic Oxygen Furnace Tuyere,Copper alloy | water cooled | BOF duty,EA,BASIC-GEN,337970.94,64,86,B,False
CIL_MN,Mining,CIL_SINGRAULI,CI-30053,ERSA,DTH Hammer 6 inch,DTH drilling | hardened alloy steel,NOS,DTH-GEN,144714.96,48,259,B,False
BHEL_HE,Heavy Engineering,BHEL_HYDERABAD,BH-30054,ERSA,CNC Hydraulic Power Pack 15kW,250 bar | 60 LPM | 15kW motor,EA,CNC-GEN,298484.93,57,118,B,False
CPCL_OG,Oil & Gas,CPCL_MANALI,CP-30060,ERSA,Spiral Wound Gasket 600NB CL300,ASME B16.20 | SS316/graphite | CL300,NOS,SPIRAL-GEN,19463.54,36,175,B,False
NTPC_PW,Power,NTPC_SINGRAULI,NT-30061,ERSA,Battery Charger 220V DC 100A,IEEE/IEC industrial charger | float/boost,EA,BATTERY-GEN,303660.62,70,282,B,False
SAIL_ST,Steel,SAIL_BHILAI,SA-30062,ERSA,Hot Strip Mill Work Roll,Forged alloy steel | 900 mm dia x 2000 mm,EA,HOT-GEN,1856802.97,77,175,B,False
CIL_MN,Mining,CIL_SINGRAULI,CI-30063,ERSA,Dragline Bucket Tooth,High chrome alloy | 150 kg class,NOS,DRAGLINE-GEN,41076.62,33,38,B,False
BHEL_HE,Heavy Engineering,BHEL_HYDERABAD,BH-30064,ERSA,Servo Motor 5kW 3000RPM,400VAC | 5kW | 3000 RPM | encoder,EA,SERVO-GEN,160084.17,59,153,B,False
CPCL_OG,Oil & Gas,CPCL_MANALI,CP-30070,ERSA,Refinery Steam Trap 25NB,API 612 | carbon steel | 16 bar,NOS,REFINERY-GEN,18464.0,74,349,B,False
NTPC_PW,Power,NTPC_SINGRAULI,NT-30071,ERSA,Boiler Feed Pump Impeller,SS410 | 450 mm dia | OEM matched,EA,BOILER-GEN,286075.33,45,29,B,False
SAIL_ST,Steel,SAIL_BHILAI,SA-30072,ERSA,Continuous Annealing Furnace Roller,Heat resistant alloy | 450 mm dia,EA,CONTINUOUS-GEN,428814.45,43,67,B,False
CIL_MN,Mining,CIL_SINGRAULI,CI-30073,ERSA,Mine Ventilation Fan 75kW,415V | 1450 RPM | explosion protected,EA,MINE-GEN,387987.21,47,155,B,False
BHEL_HE,Heavy Engineering,BHEL_HYDERABAD,BH-30074,ERSA,Worm Gearbox 7.5kW Ratio 40:1,IEC flange | 7.5kW | 40:1,EA,WORM-GEN,66725.75,78,398,B,False
CPCL_OG,Oil & Gas,CPCL_MANALI,CP-30080,ERSA,PSV 50NB CL300,API 526 | set pressure 12 bar | carbon steel,NOS,PSV-GEN,66862.0,73,41,B,False
NTPC_PW,Power,NTPC_SINGRAULI,NT-30081,ERSA,Generator Rotor Retaining Ring,18Mn5 steel | forged | turbine generator,EA,GENERATOR-GEN,1468839.71,26,34,B,False
SAIL_ST,Steel,SAIL_BHILAI,SA-30082,ERSA,Graphite Electrode 600mm,UHP grade | 600 mm dia | EAF,NOS,GRAPHITE-GEN,120430.51,54,277,B,False
CIL_MN,Mining,CIL_SINGRAULI,CI-30083,ERSA,Hydraulic Rock Breaker 1.5T,Operating weight 1.5T | 100-150 LPM,EA,HYDRAULIC-GEN,494666.88,32,192,B,False
BHEL_HE,Heavy Engineering,BHEL_HYDERABAD,BH-30084,ERSA,Machine Tool Spindle Bearing Set,Precision class P4 | matched pair | 70mm bore,SET,MACHINE-GEN,85484.22,64,261,B,False
CPCL_OG,Oil & Gas,CPCL_MANALI,CP-30090,ERSA,API 602 Needle Valve 25NB CL800,API 602 | forged A105 | CL800,NOS,API-GEN,23380.01,13,43,B,False
NTPC_PW,Power,NTPC_SINGRAULI,NT-30091,ERSA,11kV XLPE Cable Termination Kit 3C x 400,IEC 60840 | cold shrink | indoor,SET,11KV-GEN,36955.66,33,94,B,False
SAIL_ST,Steel,SAIL_BHILAI,SA-30092,ERSA,Refractory Castable High Alumina 70%,IS 1528 | 70% Al2O3 | low cement,KG,REFRACTORY-GEN,150.73,49,266,B,False
CIL_MN,Mining,CIL_SINGRAULI,CI-30093,ERSA,Crusher Mantle 1100mm,Mn steel | cone crusher | 1100mm,NOS,CRUSHER-GEN,229415.65,46,131,B,False
BHEL_HE,Heavy Engineering,BHEL_HYDERABAD,BH-30094,ERSA,AC Drive 75kW 415V,IEC 61800 | vector control | 75kW,EA,AC-GEN,203387.83,72,205,B,False
CPCL_OG,Oil & Gas,CPCL_MANALI,CP-30100,ERSA,Flame Arrestor 150NB,SS316 | detonation type | API RP 2028,NOS,FLAME-GEN,57032.9,60,168,B,False
NTPC_PW,Power,NTPC_SINGRAULI,NT-30101,ERSA,Power Transformer Breather 1kg Silica Gel,Silica gel | conservator type,EA,POWER-GEN,4095.81,31,45,B,False
SAIL_ST,Steel,SAIL_BHILAI,SA-30102,ERSA,Hydraulic Cylinder 250mm Bore,350 bar | honed tube | steel mill duty,EA,HYDRAULIC-GEN,299201.89,42,51,B,False
CIL_MN,Mining,CIL_SINGRAULI,CI-30103,ERSA,Mining Shovel Hoist Rope 32mm,6x37 IWRC | high tensile | IS 2266,MTR,MINING-GEN,864.05,25,61,B,False
BHEL_HE,Heavy Engineering,BHEL_HYDERABAD,BH-30104,ERSA,Brake Motor 22kW 4P,415V | spring applied brake | TEFC,EA,BRAKE-GEN,119868.65,63,172,B,False
CPCL_OG,Oil & Gas,CPCL_MANALI,CP-30110,ERSA,Refinery Pump Casing 100x80,ASTM A216 WCB | centrifugal pump casing,EA,REFINERY-GEN,173320.17,69,339,B,False
NTPC_PW,Power,NTPC_SINGRAULI,NT-30111,ERSA,CT 33kV 200/1A Class 0.2S,IS 2705 | metering CT | 33kV,EA,CT-GEN,27671.78,14,31,B,False
SAIL_ST,Steel,SAIL_BHILAI,SA-30112,ERSA,Pinch Roll Assembly 450mm,Forged steel | hot strip mill | 450mm,EA,PINCH-GEN,472062.32,48,115,B,False
CIL_MN,Mining,CIL_SINGRAULI,CI-30113,ERSA,Hydraulic Cylinder 300mm Bore Mining,350 bar | hard chrome rod | mining duty,EA,HYDRAULIC-GEN,375147.14,70,99,B,False
BHEL_HE,Heavy Engineering,BHEL_HYDERABAD,BH-30114,ERSA,Precision Linear Guide 35mm,Class H | 35mm rail | CNC duty,SET,PRECISION-GEN,65917.57,8,40,B,False
CPCL_OG,Oil & Gas,CPCL_MANALI,CP-30120,ERSA,Gas Compressor Valve Plate,SS410 | compressor service | OEM drawing,EA,GAS-GEN,70026.09,18,90,B,False
NTPC_PW,Power,NTPC_SINGRAULI,NT-30121,ERSA,Numerical Relay Feeder Protection,IEC 60255 | IEC 61850 | 11kV feeder,EA,NUMERICAL-GEN,177593.3,64,84,B,False
SAIL_ST,Steel,SAIL_BHILAI,SA-30122,ERSA,Sinter Plant Burner Nozzle,Heat resistant alloy | gas fired | 50NB,EA,SINTER-GEN,19926.16,75,182,B,False
CIL_MN,Mining,CIL_SINGRAULI,CI-30123,ERSA,Dust Suppression Spray Nozzle,SS316 | 1 inch BSP | 20 LPM,NOS,DUST-GEN,3214.37,58,203,B,False
BHEL_HE,Heavy Engineering,BHEL_HYDERABAD,BH-30124,ERSA,Hydraulic Cylinder 160mm Bore,250 bar | chrome plated rod | 160mm,EA,HYDRAULIC-GEN,138211.89,8,21,B,False
CPCL_OG,Oil & Gas,CPCL_MANALI,CP-30130,ERSA,Refinery Catalyst Beads 3mm Variant 01,Alumina support | refinery catalyst carrier | 3 mm | engineered variant,KG,REFINERY-GEN,1069.55,63,89,B,False
NTPC_PW,Power,NTPC_SINGRAULI,NT-30131,ERSA,Power Transformer 25MVA 33/11kV Dyn11 Variant 01,IS 2026 | ONAN | Dyn11 | OLTC | engineered variant,EA,POWER-GEN,21207789.48,53,277,B,False
SAIL_ST,Steel,SAIL_BHILAI,SA-30132,ERSA,Fireclay Refractory Brick 230x114x75mm Variant 01,IS 8 | Alumina 32% | service 1400C | engineered variant,NOS,FIRECLAY-GEN,83.23,8,14,B,False
CIL_MN,Mining,CIL_SINGRAULI,CI-30133,ERSA,Tricone Rock Drill Bit 8.5in IADC 517 Variant 01,API Spec 7-1 | tungsten carbide inserts | engineered variant,NOS,TRICONE-GEN,195748.03,74,192,B,False
BHEL_HE,Heavy Engineering,BHEL_HYDERABAD,BH-30134,ERSA,Helical Gearbox 22kW Ratio 20:1 Variant 01,IEC motor flange | 22kW | 20:1 | foot mounted | engineered variant,EA,HELICAL-GEN,175585.07,33,46,B,False
CPCL_OG,Oil & Gas,CPCL_MANALI,CP-30140,ERSA,API Drill Collar 6.5 inch Variant 02,API Spec 7-1 | alloy steel | non-magnetic | engineered variant,MTR,API-GEN,113015.51,55,142,B,False
NTPC_PW,Power,NTPC_SINGRAULI,NT-30141,ERSA,VCB 11kV 1250A Variant 02,IEC 62271-100 | 25kA | spring charged | engineered variant,EA,VCB-GEN,760359.36,50,255,B,False
SAIL_ST,Steel,SAIL_BHILAI,SA-30142,ERSA,Continuous Cast Square Billet 130x130mm Variant 02,IS 2830 | Grade Fe 500 | carbon steel | engineered variant,MT,CONTINUOUS-GEN,54063.72,40,240,B,False
CIL_MN,Mining,CIL_SINGRAULI,CI-30143,ERSA,Manganese Jaw Crusher Liner Variant 02,ASTM A128 | 14% Mn | 1200 mm jaw | engineered variant,NOS,MANGANESE-GEN,174966.97,56,184,B,False
BHEL_HE,Heavy Engineering,BHEL_HYDERABAD,BH-30144,ERSA,Induction Motor 100HP 6P Variant 02,415V | 50Hz | 6 pole | TEFC | 980 RPM | engineered variant,EA,INDUCTION-GEN,216931.15,9,44,B,False
CPCL_OG,Oil & Gas,CPCL_MANALI,CP-30150,ERSA,Explosion Proof Motor 11kW Variant 03,415V | Ex d IIB T4 | IP66 | IS/IEC 60079 | engineered variant,EA,EXPLOSION-GEN,101313.87,14,33,B,False
NTPC_PW,Power,NTPC_SINGRAULI,NT-30151,ERSA,Polymeric Line Insulator 33kV Variant 03,IEC 61109 | silicone rubber | 33kV | engineered variant,EA,POLYMERIC-GEN,8440.53,35,186,B,False
SAIL_ST,Steel,SAIL_BHILAI,SA-30152,ERSA,Mill Roll Neck Bearing 500mm Bore Variant 03,4-row cylindrical roller | 500 mm bore | engineered variant,EA,MILL-GEN,423685.98,32,60,B,False
CIL_MN,Mining,CIL_SINGRAULI,CI-30153,ERSA,Steel Wire Rope 6x36 IWRC 24mm Variant 03,IS 2266 | bright finish | IWRC | engineered variant,MTR,STEEL-GEN,640.64,22,11,B,False
BHEL_HE,Heavy Engineering,BHEL_HYDERABAD,BH-30154,ERSA,Planetary Gearbox 250kW Variant 03,Ratio 31.5:1 | 250kW | industrial drive | engineered variant,EA,PLANETARY-GEN,1267128.15,78,279,B,False
CPCL_OG,Oil & Gas,CPCL_MANALI,CP-30160,ERSA,Crude Oil Desalter Demister Pad Variant 04,SS316L knitted mesh | 1500 mm diameter | engineered variant,EA,CRUDE-GEN,131635.19,31,88,B,False
NTPC_PW,Power,NTPC_SINGRAULI,NT-30161,ERSA,Station Class Surge Arrester 33kV Variant 04,IEC 60099-4 | ZnO | polymer housed | engineered variant,EA,STATION-GEN,40347.72,60,66,B,False
SAIL_ST,Steel,SAIL_BHILAI,SA-30162,ERSA,Hadfield Steel Jaw Plate Variant 04,ASTM A128 | Mn 12-14% | crusher liner | engineered variant,NOS,HADFIELD-GEN,183329.83,35,177,B,False
CIL_MN,Mining,CIL_SINGRAULI,CI-30163,ERSA,EP Conveyor Belt 1200mm 5 Ply Variant 04,DIN 22102 | EP 315/5 | abrasion resistant | engineered variant,MTR,EP-GEN,3054.15,27,121,B,False
BHEL_HE,Heavy Engineering,BHEL_HYDERABAD,BH-30164,ERSA,High Tensile Bolt M24 Grade 10.9 Variant 04,ISO 898-1 | black oxide | heavy duty | engineered variant,NOS,HIGH-GEN,190.63,30,180,B,False
CPCL_OG,Oil & Gas,CPCL_MANALI,CP-30170,ERSA,API 6D Trunnion Ball Valve 300NB CL600 Variant 05,API 6D | ASTM A216 WCB | CL600 | engineered variant,NOS,API-GEN,185102.29,36,54,B,False
NTPC_PW,Power,NTPC_SINGRAULI,NT-30171,ERSA,AAAC Conductor Moose Variant 05,IS 398 | 54/7 aluminium alloy strands | engineered variant,MTR,AAAC-GEN,807.47,23,89,B,False
SAIL_ST,Steel,SAIL_BHILAI,SA-30172,ERSA,Basic Oxygen Furnace Tuyere Variant 05,Copper alloy | water cooled | BOF duty | engineered variant,EA,BASIC-GEN,290910.11,74,184,B,False
CIL_MN,Mining,CIL_SINGRAULI,CI-30173,ERSA,DTH Hammer 6 inch Variant 05,DTH drilling | hardened alloy steel | engineered variant,NOS,DTH-GEN,156781.79,61,185,B,False
BHEL_HE,Heavy Engineering,BHEL_HYDERABAD,BH-30174,ERSA,CNC Hydraulic Power Pack 15kW Variant 05,250 bar | 60 LPM | 15kW motor | engineered variant,EA,CNC-GEN,290899.13,36,146,B,False
CPCL_OG,Oil & Gas,CPCL_MANALI,CP-30180,ERSA,Spiral Wound Gasket 600NB CL300 Variant 06,ASME B16.20 | SS316/graphite | CL300 | engineered variant,NOS,SPIRAL-GEN,19616.18,58,70,B,False
NTPC_PW,Power,NTPC_SINGRAULI,NT-30181,ERSA,Battery Charger 220V DC 100A Variant 06,IEEE/IEC industrial charger | float/boost | engineered variant,EA,BATTERY-GEN,281393.35,57,193,B,False
SAIL_ST,Steel,SAIL_BHILAI,SA-30182,ERSA,Hot Strip Mill Work Roll Variant 06,Forged alloy steel | 900 mm dia x 2000 mm | engineered variant,EA,HOT-GEN,1780994.54,5,7,B,False
CIL_MN,Mining,CIL_SINGRAULI,CI-30183,ERSA,Dragline Bucket Tooth Variant 06,High chrome alloy | 150 kg class | engineered variant,NOS,DRAGLINE-GEN,43044.82,75,337,B,False
BHEL_HE,Heavy Engineering,BHEL_HYDERABAD,BH-30184,ERSA,Servo Motor 5kW 3000RPM Variant 06,400VAC | 5kW | 3000 RPM | encoder | engineered variant,EA,SERVO-GEN,167910.42,36,165,B,False
CPCL_OG,Oil & Gas,CPCL_MANALI,CP-30190,ERSA,Refinery Steam Trap 25NB Variant 07,API 612 | carbon steel | 16 bar | engineered variant,NOS,REFINERY-GEN,17754.04,24,132,B,False
NTPC_PW,Power,NTPC_SINGRAULI,NT-30191,ERSA,Boiler Feed Pump Impeller Variant 07,SS410 | 450 mm dia | OEM matched | engineered variant,EA,BOILER-GEN,251449.4,58,171,B,False
SAIL_ST,Steel,SAIL_BHILAI,SA-30192,ERSA,Continuous Annealing Furnace Roller Variant 07,Heat resistant alloy | 450 mm dia | engineered variant,EA,CONTINUOUS-GEN,366112.38,76,261,B,False
CIL_MN,Mining,CIL_SINGRAULI,CI-30193,ERSA,Mine Ventilation Fan 75kW Variant 07,415V | 1450 RPM | explosion protected | engineered variant,EA,MINE-GEN,372296.86,64,78,B,False
BHEL_HE,Heavy Engineering,BHEL_HYDERABAD,BH-30194,ERSA,Worm Gearbox 7.5kW Ratio 40:1 Variant 07,IEC flange | 7.5kW | 40:1 | engineered variant,EA,WORM-GEN,76470.1,54,197,B,False
CPCL_OG,Oil & Gas,CPCL_MANALI,CP-30200,ERSA,PSV 50NB CL300 Variant 08,API 526 | set pressure 12 bar | carbon steel | engineered variant,NOS,PSV-GEN,54613.17,15,27,B,False
NTPC_PW,Power,NTPC_SINGRAULI,NT-30201,ERSA,Generator Rotor Retaining Ring Variant 08,18Mn5 steel | forged | turbine generator | engineered variant,EA,GENERATOR-GEN,1282632.08,65,179,B,False
SAIL_ST,Steel,SAIL_BHILAI,SA-30202,ERSA,Graphite Electrode 600mm Variant 08,UHP grade | 600 mm dia | EAF | engineered variant,NOS,GRAPHITE-GEN,122985.8,53,307,B,False
CIL_MN,Mining,CIL_SINGRAULI,CI-30203,ERSA,Hydraulic Rock Breaker 1.5T Variant 08,Operating weight 1.5T | 100-150 LPM | engineered variant,EA,HYDRAULIC-GEN,398937.45,13,46,B,False
BHEL_HE,Heavy Engineering,BHEL_HYDERABAD,BH-30204,ERSA,Machine Tool Spindle Bearing Set Variant 08,Precision class P4 | matched pair | 70mm bore | engineered variant,SET,MACHINE-GEN,82249.32,16,59,B,False
CPCL_OG,Oil & Gas,CPCL_MANALI,CP-30210,ERSA,API 602 Needle Valve 25NB CL800 Variant 09,API 602 | forged A105 | CL800 | engineered variant,NOS,API-GEN,23221.6,2,19,B,False
NTPC_PW,Power,NTPC_SINGRAULI,NT-30211,ERSA,11kV XLPE Cable Termination Kit 3C x 400 Variant 09,IEC 60840 | cold shrink | indoor | engineered variant,SET,11KV-GEN,41476.63,26,145,B,False
SAIL_ST,Steel,SAIL_BHILAI,SA-30212,ERSA,Refractory Castable High Alumina 70% Variant 09,IS 1528 | 70% Al2O3 | low cement | engineered variant,KG,REFRACTORY-GEN,147.49,65,352,B,False
CIL_MN,Mining,CIL_SINGRAULI,CI-30213,ERSA,Crusher Mantle 1100mm Variant 09,Mn steel | cone crusher | 1100mm | engineered variant,NOS,CRUSHER-GEN,214941.43,8,18,B,False
BHEL_HE,Heavy Engineering,BHEL_HYDERABAD,BH-30214,ERSA,AC Drive 75kW 415V Variant 09,IEC 61800 | vector control | 75kW | engineered variant,EA,AC-GEN,161509.31,18,45,B,False
CPCL_OG,Oil & Gas,CPCL_MANALI,CP-30220,ERSA,Flame Arrestor 150NB Variant 10,SS316 | detonation type | API RP 2028 | engineered variant,NOS,FLAME-GEN,51396.17,64,94,B,False
NTPC_PW,Power,NTPC_SINGRAULI,NT-30221,ERSA,Power Transformer Breather 1kg Silica Gel Variant 10,Silica gel | conservator type | engineered variant,EA,POWER-GEN,3982.56,79,448,B,False
SAIL_ST,Steel,SAIL_BHILAI,SA-30222,ERSA,Hydraulic Cylinder 250mm Bore Variant 10,350 bar | honed tube | steel mill duty | engineered variant,EA,HYDRAULIC-GEN,265571.88,22,50,B,False
CIL_MN,Mining,CIL_SINGRAULI,CI-30223,ERSA,Mining Shovel Hoist Rope 32mm Variant 10,6x37 IWRC | high tensile | IS 2266 | engineered variant,MTR,MINING-GEN,789.12,72,244,B,False
BHEL_HE,Heavy Engineering,BHEL_HYDERABAD,BH-30224,ERSA,Brake Motor 22kW 4P Variant 10,415V | spring applied brake | TEFC | engineered variant,EA,BRAKE-GEN,104369.67,16,67,B,False
CPCL_OG,Oil & Gas,CPCL_MANALI,CP-30230,ERSA,Refinery Pump Casing 100x80 Variant 11,ASTM A216 WCB | centrifugal pump casing | engineered variant,EA,REFINERY-GEN,167777.74,21,73,B,False
NTPC_PW,Power,NTPC_SINGRAULI,NT-30231,ERSA,CT 33kV 200/1A Class 0.2S Variant 11,IS 2705 | metering CT | 33kV | engineered variant,EA,CT-GEN,33289.88,39,149,B,False
SAIL_ST,Steel,SAIL_BHILAI,SA-30232,ERSA,Pinch Roll Assembly 450mm Variant 11,Forged steel | hot strip mill | 450mm | engineered variant,EA,PINCH-GEN,491961.67,55,274,B,False
CIL_MN,Mining,CIL_SINGRAULI,CI-30233,ERSA,Hydraulic Cylinder 300mm Bore Mining Variant 11,350 bar | hard chrome rod | mining duty | engineered variant,EA,HYDRAULIC-GEN,392850.21,33,132,B,False
BHEL_HE,Heavy Engineering,BHEL_HYDERABAD,BH-30234,ERSA,Precision Linear Guide 35mm Variant 11,Class H | 35mm rail | CNC duty | engineered variant,SET,PRECISION-GEN,62814.46,51,122,B,False
CPCL_OG,Oil & Gas,CPCL_MANALI,CP-30240,ERSA,Gas Compressor Valve Plate Variant 12,SS410 | compressor service | OEM drawing | engineered variant,EA,GAS-GEN,78287.9,67,102,B,False
NTPC_PW,Power,NTPC_SINGRAULI,NT-30241,ERSA,Numerical Relay Feeder Protection Variant 12,IEC 60255 | IEC 61850 | 11kV feeder | engineered variant,EA,NUMERICAL-GEN,187246.06,37,215,B,False
SAIL_ST,Steel,SAIL_BHILAI,SA-30242,ERSA,Sinter Plant Burner Nozzle Variant 12,Heat resistant alloy | gas fired | 50NB | engineered variant,EA,SINTER-GEN,18280.7,55,201,B,False
CIL_MN,Mining,CIL_SINGRAULI,CI-30243,ERSA,Dust Suppression Spray Nozzle Variant 12,SS316 | 1 inch BSP | 20 LPM | engineered variant,NOS,DUST-GEN,3852.27,66,169,B,False
BHEL_HE,Heavy Engineering,BHEL_HYDERABAD,BH-30244,ERSA,Hydraulic Cylinder 160mm Bore Variant 12,250 bar | chrome plated rod | 160mm | engineered variant,EA,HYDRAULIC-GEN,159551.71,38,204,B,False
CPCL_OG,Oil & Gas,CPCL_MANALI,CP-30250,ERSA,Refinery Catalyst Beads 3mm Variant 13,Alumina support | refinery catalyst carrier | 3 mm | engineered variant,KG,REFINERY-GEN,819.94,77,334,B,False
NTPC_PW,Power,NTPC_SINGRAULI,NT-30251,ERSA,Power Transformer 25MVA 33/11kV Dyn11 Variant 13,IS 2026 | ONAN | Dyn11 | OLTC | engineered variant,EA,POWER-GEN,20523250.99,64,108,B,False
SAIL_ST,Steel,SAIL_BHILAI,SA-30252,ERSA,Fireclay Refractory Brick 230x114x75mm Variant 13,IS 8 | Alumina 32% | service 1400C | engineered variant,NOS,FIRECLAY-GEN,80.28,63,207,B,False
CIL_MN,Mining,CIL_SINGRAULI,CI-30253,ERSA,Tricone Rock Drill Bit 8.5in IADC 517 Variant 13,API Spec 7-1 | tungsten carbide inserts | engineered variant,NOS,TRICONE-GEN,197644.07,71,228,B,False
BHEL_HE,Heavy Engineering,BHEL_HYDERABAD,BH-30254,ERSA,Helical Gearbox 22kW Ratio 20:1 Variant 13,IEC motor flange | 22kW | 20:1 | foot mounted | engineered variant,EA,HELICAL-GEN,198356.74,43,243,B,False
CPCL_OG,Oil & Gas,CPCL_MANALI,CP-30260,ERSA,API Drill Collar 6.5 inch Variant 14,API Spec 7-1 | alloy steel | non-magnetic | engineered variant,MTR,API-GEN,110625.8,32,162,B,False
NTPC_PW,Power,NTPC_SINGRAULI,NT-30261,ERSA,VCB 11kV 1250A Variant 14,IEC 62271-100 | 25kA | spring charged | engineered variant,EA,VCB-GEN,754339.88,54,49,B,False
SAIL_ST,Steel,SAIL_BHILAI,SA-30262,ERSA,Continuous Cast Square Billet 130x130mm Variant 14,IS 2830 | Grade Fe 500 | carbon steel | engineered variant,MT,CONTINUOUS-GEN,60462.47,62,226,B,False
CIL_MN,Mining,CIL_SINGRAULI,CI-30263,ERSA,Manganese Jaw Crusher Liner Variant 14,ASTM A128 | 14% Mn | 1200 mm jaw | engineered variant,NOS,MANGANESE-GEN,156004.88,21,73,B,False
BHEL_HE,Heavy Engineering,BHEL_HYDERABAD,BH-30264,ERSA,Induction Motor 100HP 6P Variant 14,415V | 50Hz | 6 pole | TEFC | 980 RPM | engineered variant,EA,INDUCTION-GEN,241478.31,18,73,B,False
CPCL_OG,Oil & Gas,CPCL_MANALI,CP-30270,ERSA,Explosion Proof Motor 11kW Variant 15,415V | Ex d IIB T4 | IP66 | IS/IEC 60079 | engineered variant,EA,EXPLOSION-GEN,111044.66,44,244,B,False
NTPC_PW,Power,NTPC_SINGRAULI,NT-30271,ERSA,Polymeric Line Insulator 33kV Variant 15,IEC 61109 | silicone rubber | 33kV | engineered variant,EA,POLYMERIC-GEN,7741.11,58,80,B,False
SAIL_ST,Steel,SAIL_BHILAI,SA-30272,ERSA,Mill Roll Neck Bearing 500mm Bore Variant 15,4-row cylindrical roller | 500 mm bore | engineered variant,EA,MILL-GEN,509599.65,60,37,B,False
CIL_MN,Mining,CIL_SINGRAULI,CI-30273,ERSA,Steel Wire Rope 6x36 IWRC 24mm Variant 15,IS 2266 | bright finish | IWRC | engineered variant,MTR,STEEL-GEN,675.31,54,106,B,False
BHEL_HE,Heavy Engineering,BHEL_HYDERABAD,BH-30274,ERSA,Planetary Gearbox 250kW Variant 15,Ratio 31.5:1 | 250kW | industrial drive | engineered variant,EA,PLANETARY-GEN,1044606.34,35,103,B,False
CPCL_OG,Oil & Gas,CPCL_MANALI,CP-30280,ERSA,Crude Oil Desalter Demister Pad Variant 16,SS316L knitted mesh | 1500 mm diameter | engineered variant,EA,CRUDE-GEN,151281.37,52,67,B,False
NTPC_PW,Power,NTPC_SINGRAULI,NT-30281,ERSA,Station Class Surge Arrester 33kV Variant 16,IEC 60099-4 | ZnO | polymer housed | engineered variant,EA,STATION-GEN,45642.38,70,229,B,False
SAIL_ST,Steel,SAIL_BHILAI,SA-30282,ERSA,Hadfield Steel Jaw Plate Variant 16,ASTM A128 | Mn 12-14% | crusher liner | engineered variant,NOS,HADFIELD-GEN,207262.81,64,309,B,False
CIL_MN,Mining,CIL_SINGRAULI,CI-30283,ERSA,EP Conveyor Belt 1200mm 5 Ply Variant 16,DIN 22102 | EP 315/5 | abrasion resistant | engineered variant,MTR,EP-GEN,2574.28,10,20,B,False
BHEL_HE,Heavy Engineering,BHEL_HYDERABAD,BH-30284,ERSA,High Tensile Bolt M24 Grade 10.9 Variant 16,ISO 898-1 | black oxide | heavy duty | engineered variant,NOS,HIGH-GEN,185.78,38,77,B,False
CPCL_OG,Oil & Gas,CPCL_MANALI,CP-30290,ERSA,API 6D Trunnion Ball Valve 300NB CL600 Variant 17,API 6D | ASTM A216 WCB | CL600 | engineered variant,NOS,API-GEN,181979.42,57,78,B,False
NTPC_PW,Power,NTPC_SINGRAULI,NT-30291,ERSA,AAAC Conductor Moose Variant 17,IS 398 | 54/7 aluminium alloy strands | engineered variant,MTR,AAAC-GEN,889.52,14,63,B,False
SAIL_ST,Steel,SAIL_BHILAI,SA-30292,ERSA,Basic Oxygen Furnace Tuyere Variant 17,Copper alloy | water cooled | BOF duty | engineered variant,EA,BASIC-GEN,275615.41,40,27,B,False
CIL_MN,Mining,CIL_SINGRAULI,CI-30293,ERSA,DTH Hammer 6 inch Variant 17,DTH drilling | hardened alloy steel | engineered variant,NOS,DTH-GEN,147991.95,9,23,B,False
BHEL_HE,Heavy Engineering,BHEL_HYDERABAD,BH-30294,ERSA,CNC Hydraulic Power Pack 15kW Variant 17,250 bar | 60 LPM | 15kW motor | engineered variant,EA,CNC-GEN,313998.68,57,102,B,False
CPCL_OG,Oil & Gas,CPCL_MANALI,CP-30300,ERSA,Spiral Wound Gasket 600NB CL300 Variant 18,ASME B16.20 | SS316/graphite | CL300 | engineered variant,NOS,SPIRAL-GEN,18215.23,54,316,B,False
NTPC_PW,Power,NTPC_SINGRAULI,NT-30301,ERSA,Battery Charger 220V DC 100A Variant 18,IEEE/IEC industrial charger | float/boost | engineered variant,EA,BATTERY-GEN,305629.46,25,55,B,False
SAIL_ST,Steel,SAIL_BHILAI,SA-30302,ERSA,Hot Strip Mill Work Roll Variant 18,Forged alloy steel | 900 mm dia x 2000 mm | engineered variant,EA,HOT-GEN,1857097.65,80,235,B,False
CIL_MN,Mining,CIL_SINGRAULI,CI-30303,ERSA,Dragline Bucket Tooth Variant 18,High chrome alloy | 150 kg class | engineered variant,NOS,DRAGLINE-GEN,42897.16,32,143,B,False
BHEL_HE,Heavy Engineering,BHEL_HYDERABAD,BH-30304,ERSA,Servo Motor 5kW 3000RPM Variant 18,400VAC | 5kW | 3000 RPM | encoder | engineered variant,EA,SERVO-GEN,180161.15,20,39,B,False
CPCL_OG,Oil & Gas,CPCL_MANALI,CP-30310,ERSA,Refinery Steam Trap 25NB Variant 19,API 612 | carbon steel | 16 bar | engineered variant,NOS,REFINERY-GEN,18856.14,34,134,B,False
NTPC_PW,Power,NTPC_SINGRAULI,NT-30311,ERSA,Boiler Feed Pump Impeller Variant 19,SS410 | 450 mm dia | OEM matched | engineered variant,EA,BOILER-GEN,288698.68,3,19,B,False
SAIL_ST,Steel,SAIL_BHILAI,SA-30312,ERSA,Continuous Annealing Furnace Roller Variant 19,Heat resistant alloy | 450 mm dia | engineered variant,EA,CONTINUOUS-GEN,422786.79,71,115,B,False
CIL_MN,Mining,CIL_SINGRAULI,CI-30313,ERSA,Mine Ventilation Fan 75kW Variant 19,415V | 1450 RPM | explosion protected | engineered variant,EA,MINE-GEN,339042.73,46,275,B,False
BHEL_HE,Heavy Engineering,BHEL_HYDERABAD,BH-30314,ERSA,Worm Gearbox 7.5kW Ratio 40:1 Variant 19,IEC flange | 7.5kW | 40:1 | engineered variant,EA,WORM-GEN,77637.94,56,156,B,False
CPCL_OG,Oil & Gas,CPCL_MANALI,CP-30320,ERSA,PSV 50NB CL300 Variant 20,API 526 | set pressure 12 bar | carbon steel | engineered variant,NOS,PSV-GEN,54778.61,40,70,B,False
NTPC_PW,Power,NTPC_SINGRAULI,NT-30321,ERSA,Generator Rotor Retaining Ring Variant 20,18Mn5 steel | forged | turbine generator | engineered variant,EA,GENERATOR-GEN,1624443.87,63,85,B,False
SAIL_ST,Steel,SAIL_BHILAI,SA-30322,ERSA,Graphite Electrode 600mm Variant 20,UHP grade | 600 mm dia | EAF | engineered variant,NOS,GRAPHITE-GEN,116855.69,75,220,B,False
CIL_MN,Mining,CIL_SINGRAULI,CI-30323,ERSA,Hydraulic Rock Breaker 1.5T Variant 20,Operating weight 1.5T | 100-150 LPM | engineered variant,EA,HYDRAULIC-GEN,466196.44,39,24,B,False
BHEL_HE,Heavy Engineering,BHEL_HYDERABAD,BH-30324,ERSA,Machine Tool Spindle Bearing Set Variant 20,Precision class P4 | matched pair | 70mm bore | engineered variant,SET,MACHINE-GEN,101229.23,52,166,B,False
CPCL_OG,Oil & Gas,CPCL_MANALI,CP-50000,ERSA,Gate Valve 150NB Class 150 CS Flanged,API 600 | ASTM A216 WCB | Class 150 | RF,NOS,GATE-GEN,27098.08,8,43,C,True
CPCL_OG,Oil & Gas,CPCL_MANALI,CP-50010,ERSA,Gate Valve 150NB Class 300 CS Flanged,API 600 | ASTM A216 WCB | Class 300 | RF,NOS,GATE-GEN,40468.43,38,217,C,True
CPCL_OG,Oil & Gas,CPCL_MANALI,CP-50020,ERSA,Gate Valve 150mm CS Class 150 Flanged,API 600 | ASTM A216 WCB | Class 150 | RF,NOS,GATE-GEN,29351.75,79,449,C,False
CPCL_OG,Oil & Gas,CPCL_MANALI,CP-50030,ERSA,Gate Valve 6 inch CS Class 150 Flanged,API 600 | ASTM A216 WCB | Class 150 | RF,NOS,GATE-GEN,28079.11,26,77,C,False
CPCL_OG,Oil & Gas,CPCL_MANALI,CP-50040,ERSA,Steel Wire Rope 6x36 IWRC 24mm,IS 2266 | high tensile | IWRC,MTR,STEEL-GEN,631.02,19,89,C,False
CPCL_OG,Oil & Gas,CPCL_MANALI,CP-50050,ERSA,Steel Wire Rope 6x36 IWRC 24mm,IS 2266 | high tensile | IWRC,KM,STEEL-GEN,595024.16,7,24,C,False
CPCL_OG,Oil & Gas,CPCL_MANALI,CP-50060,ERSA,Hex Bolt M16 x 80 Grade 8.8,ISO 898-1 | zinc plated,NOS,HEX-GEN,49.39,6,28,C,True
CPCL_OG,Oil & Gas,CPCL_MANALI,CP-50070,ERSA,Hex Bolt M16 x 80 Grade 8.8,ISO 898-1 | zinc plated,KG,HEX-GEN,168.83,13,43,C,True
CPCL_OG,Oil & Gas,CPCL_MANALI,CP-50080,ERSA,SKF Bearing 6205-2RSH,SKF 6205-2RSH | 25x52x15 mm,EA,SKF-GEN,1080.94,55,116,C,False
CPCL_OG,Oil & Gas,CPCL_MANALI,CP-50090,ERSA,Deep Groove Ball Bearing 25x52x15mm Rubber Sealed,25x52x15 mm | rubber sealed | ISO 15,EA,DEEP-GEN,921.58,71,222,C,False
CPCL_OG,Oil & Gas,CPCL_MANALI,CP-50100,ERSA,Pt No 4471B misc spare,Insufficient technical information; unidentified spare,EA,PT-GEN,1504.63,36,60,C,True
CPCL_OG,Oil & Gas,CPCL_MANALI,CP-50110,ERSA,MOTOR SPARE,"No rating, frame, OEM or part number supplied",EA,MOTOR-GEN,2439.24,63,182,C,True
CPCL_OG,Oil & Gas,CPCL_MANALI,CP-50120,ERSA,Cable 11kV 3C x 400 sqmm Al,XLPE | 11kV | armoured | IS 7098,MTR,CABLE-GEN,1895.61,45,227,C,False
CPCL_OG,Oil & Gas,CPCL_MANALI,CP-50130,ERSA,Cable 11kV 3C x 400 sqmm Cu,XLPE | 11kV | armoured | IS 7098,MTR,CABLE-GEN,4999.89,11,14,C,False
CPCL_OG,Oil & Gas,CPCL_MANALI,CP-50140,ERSA,Bearing 6312,ISO 15 | 60x130x31 mm,EA,BEARING-GEN,12817.69,30,116,C,False
CPCL_OG,Oil & Gas,CPCL_MANALI,CP-50150,ERSA,Bearing 6312 with C3 Clearance,ISO 15 | 60x130x31 mm | C3 internal clearance,EA,BEARING-GEN,13816.8,73,223,C,True
NTPC_PW,Power,NTPC_SINGRAULI,NT-50001,ERSA,Gate Valve 150NB Class 150 CS Flanged,API 600 | ASTM A216 WCB | Class 150 | RF,NOS,GATE-GEN,27332.36,52,33,C,True
NTPC_PW,Power,NTPC_SINGRAULI,NT-50011,ERSA,Gate Valve 150NB Class 300 CS Flanged,API 600 | ASTM A216 WCB | Class 300 | RF,NOS,GATE-GEN,38569.61,17,66,C,True
NTPC_PW,Power,NTPC_SINGRAULI,NT-50021,ERSA,Gate Valve 150mm CS Class 150 Flanged,API 600 | ASTM A216 WCB | Class 150 | RF,NOS,GATE-GEN,28125.47,35,166,C,False
NTPC_PW,Power,NTPC_SINGRAULI,NT-50031,ERSA,Gate Valve 6 inch CS Class 150 Flanged,API 600 | ASTM A216 WCB | Class 150 | RF,NOS,GATE-GEN,28160.92,49,79,C,False
NTPC_PW,Power,NTPC_SINGRAULI,NT-50041,ERSA,Steel Wire Rope 6x36 IWRC 24mm,IS 2266 | high tensile | IWRC,MTR,STEEL-GEN,630.84,62,43,C,False
NTPC_PW,Power,NTPC_SINGRAULI,NT-50051,ERSA,Steel Wire Rope 6x36 IWRC 24mm,IS 2266 | high tensile | IWRC,KM,STEEL-GEN,627411.91,73,203,C,False
NTPC_PW,Power,NTPC_SINGRAULI,NT-50061,ERSA,Hex Bolt M16 x 80 Grade 8.8,ISO 898-1 | zinc plated,NOS,HEX-GEN,49.99,30,180,C,True
NTPC_PW,Power,NTPC_SINGRAULI,NT-50071,ERSA,Hex Bolt M16 x 80 Grade 8.8,ISO 898-1 | zinc plated,KG,HEX-GEN,157.79,61,184,C,True
NTPC_PW,Power,NTPC_SINGRAULI,NT-50081,ERSA,SKF Bearing 6205-2RSH,SKF 6205-2RSH | 25x52x15 mm,EA,SKF-GEN,1116.42,16,25,C,False
NTPC_PW,Power,NTPC_SINGRAULI,NT-50091,ERSA,Deep Groove Ball Bearing 25x52x15mm Rubber Sealed,25x52x15 mm | rubber sealed | ISO 15,EA,DEEP-GEN,906.81,6,24,C,False
NTPC_PW,Power,NTPC_SINGRAULI,NT-50101,ERSA,Pt No 4471B misc spare,Insufficient technical information; unidentified spare,EA,PT-GEN,1574.39,16,20,C,True
NTPC_PW,Power,NTPC_SINGRAULI,NT-50111,ERSA,MOTOR SPARE,"No rating, frame, OEM or part number supplied",EA,MOTOR-GEN,2433.7,70,104,C,True
NTPC_PW,Power,NTPC_SINGRAULI,NT-50121,ERSA,Cable 11kV 3C x 400 sqmm Al,XLPE | 11kV | armoured | IS 7098,MTR,CABLE-GEN,1829.4,49,238,C,False
NTPC_PW,Power,NTPC_SINGRAULI,NT-50131,ERSA,Cable 11kV 3C x 400 sqmm Cu,XLPE | 11kV | armoured | IS 7098,MTR,CABLE-GEN,5245.42,21,123,C,False
NTPC_PW,Power,NTPC_SINGRAULI,NT-50141,ERSA,Bearing 6312,ISO 15 | 60x130x31 mm,EA,BEARING-GEN,12393.61,14,69,C,False
NTPC_PW,Power,NTPC_SINGRAULI,NT-50151,ERSA,Bearing 6312 with C3 Clearance,ISO 15 | 60x130x31 mm | C3 internal clearance,EA,BEARING-GEN,13352.66,37,26,C,True
SAIL_ST,Steel,SAIL_BHILAI,SA-50002,ERSA,Gate Valve 150NB Class 150 CS Flanged,API 600 | ASTM A216 WCB | Class 150 | RF,NOS,GATE-GEN,29042.3,29,127,C,True
SAIL_ST,Steel,SAIL_BHILAI,SA-50012,ERSA,Gate Valve 150NB Class 300 CS Flanged,API 600 | ASTM A216 WCB | Class 300 | RF,NOS,GATE-GEN,39281.55,32,108,C,True
SAIL_ST,Steel,SAIL_BHILAI,SA-50022,ERSA,Gate Valve 150mm CS Class 150 Flanged,API 600 | ASTM A216 WCB | Class 150 | RF,NOS,GATE-GEN,27358.16,49,207,C,False
SAIL_ST,Steel,SAIL_BHILAI,SA-50032,ERSA,Gate Valve 6 inch CS Class 150 Flanged,API 600 | ASTM A216 WCB | Class 150 | RF,NOS,GATE-GEN,27247.57,37,66,C,False
SAIL_ST,Steel,SAIL_BHILAI,SA-50042,ERSA,Steel Wire Rope 6x36 IWRC 24mm,IS 2266 | high tensile | IWRC,MTR,STEEL-GEN,649.03,60,76,C,False
SAIL_ST,Steel,SAIL_BHILAI,SA-50052,ERSA,Steel Wire Rope 6x36 IWRC 24mm,IS 2266 | high tensile | IWRC,KM,STEEL-GEN,630091.66,78,49,C,False
SAIL_ST,Steel,SAIL_BHILAI,SA-50062,ERSA,Hex Bolt M16 x 80 Grade 8.8,ISO 898-1 | zinc plated,NOS,HEX-GEN,45.84,44,84,C,True
SAIL_ST,Steel,SAIL_BHILAI,SA-50072,ERSA,Hex Bolt M16 x 80 Grade 8.8,ISO 898-1 | zinc plated,KG,HEX-GEN,173.07,74,142,C,True
SAIL_ST,Steel,SAIL_BHILAI,SA-50082,ERSA,SKF Bearing 6205-2RSH,SKF 6205-2RSH | 25x52x15 mm,EA,SKF-GEN,1052.55,72,142,C,False
SAIL_ST,Steel,SAIL_BHILAI,SA-50092,ERSA,Deep Groove Ball Bearing 25x52x15mm Rubber Sealed,25x52x15 mm | rubber sealed | ISO 15,EA,DEEP-GEN,958.21,31,99,C,False
SAIL_ST,Steel,SAIL_BHILAI,SA-50102,ERSA,Pt No 4471B misc spare,Insufficient technical information; unidentified spare,EA,PT-GEN,1541.16,78,40,C,True
SAIL_ST,Steel,SAIL_BHILAI,SA-50112,ERSA,MOTOR SPARE,"No rating, frame, OEM or part number supplied",EA,MOTOR-GEN,2444.32,20,26,C,True
SAIL_ST,Steel,SAIL_BHILAI,SA-50122,ERSA,Cable 11kV 3C x 400 sqmm Al,XLPE | 11kV | armoured | IS 7098,MTR,CABLE-GEN,1857.44,24,40,C,False
SAIL_ST,Steel,SAIL_BHILAI,SA-50132,ERSA,Cable 11kV 3C x 400 sqmm Cu,XLPE | 11kV | armoured | IS 7098,MTR,CABLE-GEN,5283.75,5,9,C,False
SAIL_ST,Steel,SAIL_BHILAI,SA-50142,ERSA,Bearing 6312,ISO 15 | 60x130x31 mm,EA,BEARING-GEN,11893.58,32,166,C,False
SAIL_ST,Steel,SAIL_BHILAI,SA-50152,ERSA,Bearing 6312 with C3 Clearance,ISO 15 | 60x130x31 mm | C3 internal clearance,EA,BEARING-GEN,12967.38,24,79,C,True
CIL_MN,Mining,CIL_SINGRAULI,CI-50003,ERSA,Gate Valve 150NB Class 150 CS Flanged,API 600 | ASTM A216 WCB | Class 150 | RF,NOS,GATE-GEN,27224.34,55,296,C,True
CIL_MN,Mining,CIL_SINGRAULI,CI-50013,ERSA,Gate Valve 150NB Class 300 CS Flanged,API 600 | ASTM A216 WCB | Class 300 | RF,NOS,GATE-GEN,37973.91,10,35,C,True
CIL_MN,Mining,CIL_SINGRAULI,CI-50023,ERSA,Gate Valve 150mm CS Class 150 Flanged,API 600 | ASTM A216 WCB | Class 150 | RF,NOS,GATE-GEN,28352.58,48,286,C,False
CIL_MN,Mining,CIL_SINGRAULI,CI-50033,ERSA,Gate Valve 6 inch CS Class 150 Flanged,API 600 | ASTM A216 WCB | Class 150 | RF,NOS,GATE-GEN,28766.95,59,286,C,False
CIL_MN,Mining,CIL_SINGRAULI,CI-50043,ERSA,Steel Wire Rope 6x36 IWRC 24mm,IS 2266 | high tensile | IWRC,MTR,STEEL-GEN,602.74,80,62,C,False
CIL_MN,Mining,CIL_SINGRAULI,CI-50053,ERSA,Steel Wire Rope 6x36 IWRC 24mm,IS 2266 | high tensile | IWRC,KM,STEEL-GEN,634089.07,68,188,C,False
CIL_MN,Mining,CIL_SINGRAULI,CI-50063,ERSA,Hex Bolt M16 x 80 Grade 8.8,ISO 898-1 | zinc plated,NOS,HEX-GEN,47.8,5,6,C,True
CIL_MN,Mining,CIL_SINGRAULI,CI-50073,ERSA,Hex Bolt M16 x 80 Grade 8.8,ISO 898-1 | zinc plated,KG,HEX-GEN,173.23,53,244,C,True
CIL_MN,Mining,CIL_SINGRAULI,CI-50083,ERSA,SKF Bearing 6205-2RSH,SKF 6205-2RSH | 25x52x15 mm,EA,SKF-GEN,1120.47,64,259,C,False
CIL_MN,Mining,CIL_SINGRAULI,CI-50093,ERSA,Deep Groove Ball Bearing 25x52x15mm Rubber Sealed,25x52x15 mm | rubber sealed | ISO 15,EA,DEEP-GEN,909.48,12,47,C,False
CIL_MN,Mining,CIL_SINGRAULI,CI-50103,ERSA,Pt No 4471B misc spare,Insufficient technical information; unidentified spare,EA,PT-GEN,1516.24,10,13,C,True
CIL_MN,Mining,CIL_SINGRAULI,CI-50113,ERSA,MOTOR SPARE,"No rating, frame, OEM or part number supplied",EA,MOTOR-GEN,2443.75,76,318,C,True
CIL_MN,Mining,CIL_SINGRAULI,CI-50123,ERSA,Cable 11kV 3C x 400 sqmm Al,XLPE | 11kV | armoured | IS 7098,MTR,CABLE-GEN,1889.25,50,296,C,False
CIL_MN,Mining,CIL_SINGRAULI,CI-50133,ERSA,Cable 11kV 3C x 400 sqmm Cu,XLPE | 11kV | armoured | IS 7098,MTR,CABLE-GEN,5093.35,66,342,C,False
CIL_MN,Mining,CIL_SINGRAULI,CI-50143,ERSA,Bearing 6312,ISO 15 | 60x130x31 mm,EA,BEARING-GEN,12412.75,16,91,C,False
CIL_MN,Mining,CIL_SINGRAULI,CI-50153,ERSA,Bearing 6312 with C3 Clearance,ISO 15 | 60x130x31 mm | C3 internal clearance,EA,BEARING-GEN,13399.21,72,405,C,True
BHEL_HE,Heavy Engineering,BHEL_HYDERABAD,BH-50004,ERSA,Gate Valve 150NB Class 150 CS Flanged,API 600 | ASTM A216 WCB | Class 150 | RF,NOS,GATE-GEN,29541.65,57,259,C,True
BHEL_HE,Heavy Engineering,BHEL_HYDERABAD,BH-50014,ERSA,Gate Valve 150NB Class 300 CS Flanged,API 600 | ASTM A216 WCB | Class 300 | RF,NOS,GATE-GEN,41032.96,54,200,C,True
BHEL_HE,Heavy Engineering,BHEL_HYDERABAD,BH-50024,ERSA,Gate Valve 150mm CS Class 150 Flanged,API 600 | ASTM A216 WCB | Class 150 | RF,NOS,GATE-GEN,29433.14,53,238,C,False
BHEL_HE,Heavy Engineering,BHEL_HYDERABAD,BH-50034,ERSA,Gate Valve 6 inch CS Class 150 Flanged,API 600 | ASTM A216 WCB | Class 150 | RF,NOS,GATE-GEN,29154.4,42,130,C,False
BHEL_HE,Heavy Engineering,BHEL_HYDERABAD,BH-50044,ERSA,Steel Wire Rope 6x36 IWRC 24mm,IS 2266 | high tensile | IWRC,MTR,STEEL-GEN,608.38,34,112,C,False
BHEL_HE,Heavy Engineering,BHEL_HYDERABAD,BH-50054,ERSA,Steel Wire Rope 6x36 IWRC 24mm,IS 2266 | high tensile | IWRC,KM,STEEL-GEN,648122.74,62,65,C,False
BHEL_HE,Heavy Engineering,BHEL_HYDERABAD,BH-50064,ERSA,Hex Bolt M16 x 80 Grade 8.8,ISO 898-1 | zinc plated,NOS,HEX-GEN,46.04,12,17,C,True
BHEL_HE,Heavy Engineering,BHEL_HYDERABAD,BH-50074,ERSA,Hex Bolt M16 x 80 Grade 8.8,ISO 898-1 | zinc plated,KG,HEX-GEN,163.88,49,90,C,True
BHEL_HE,Heavy Engineering,BHEL_HYDERABAD,BH-50084,ERSA,SKF Bearing 6205-2RSH,SKF 6205-2RSH | 25x52x15 mm,EA,SKF-GEN,1106.2,77,325,C,False
BHEL_HE,Heavy Engineering,BHEL_HYDERABAD,BH-50094,ERSA,Deep Groove Ball Bearing 25x52x15mm Rubber Sealed,25x52x15 mm | rubber sealed | ISO 15,EA,DEEP-GEN,955.86,17,60,C,False
BHEL_HE,Heavy Engineering,BHEL_HYDERABAD,BH-50104,ERSA,Pt No 4471B misc spare,Insufficient technical information; unidentified spare,EA,PT-GEN,1478.04,56,54,C,True
BHEL_HE,Heavy Engineering,BHEL_HYDERABAD,BH-50114,ERSA,MOTOR SPARE,"No rating, frame, OEM or part number supplied",EA,MOTOR-GEN,2617.1,78,198,C,True
BHEL_HE,Heavy Engineering,BHEL_HYDERABAD,BH-50124,ERSA,Cable 11kV 3C x 400 sqmm Al,XLPE | 11kV | armoured | IS 7098,MTR,CABLE-GEN,1822.55,75,296,C,False
BHEL_HE,Heavy Engineering,BHEL_HYDERABAD,BH-50134,ERSA,Cable 11kV 3C x 400 sqmm Cu,XLPE | 11kV | armoured | IS 7098,MTR,CABLE-GEN,5050.62,63,145,C,False
BHEL_HE,Heavy Engineering,BHEL_HYDERABAD,BH-50144,ERSA,Bearing 6312,ISO 15 | 60x130x31 mm,EA,BEARING-GEN,12934.09,46,239,C,False
BHEL_HE,Heavy Engineering,BHEL_HYDERABAD,BH-50154,ERSA,Bearing 6312 with C3 Clearance,ISO 15 | 60x130x31 mm | C3 internal clearance,EA,BEARING-GEN,13274.27,16,43,C,True
